verify.ps1 run 20261004-113202 on FIRAS

===== sync git history with flatshare.bundle =====
command: if (-not (Test-Path ".git")) { git init -q -b main }
    git fetch -q flatshare.bundle main
    $head = git rev-parse -q --verify HEAD 2>$null
    if (-not $head) { git reset -q --mixed FETCH_HEAD }
    else {
      git merge-base --is-ancestor HEAD FETCH_HEAD
      if ($LASTEXITCODE -eq 0) { git reset -q --mixed FETCH_HEAD } else { "local commits found: history left as it is" }
    }
    $global:LASTEXITCODE = 0
    git log --oneline -n 5
started: 2026-10-04T11:32:02.9795101+01:00
local commits found: history left as it is
159db50 phase 3 : Profile and search
adf454d knowledge base
9b4ff3b fix(kb): HTML source line breaks are spaces (F-039)
b45249b feat(eval): gold set v1 (48 TN questions); fix(kb): comments in charset count, quoted ">" in tags, script check
f2a47e1 fix(kb): tests independent of tokenizer and global corpus; no-network run fails the job
exit=0 seconds=0.3

===== add settings introduced by later phases to .env (existing lines unchanged) =====
command: & powershell -ExecutionPolicy Bypass -File scripts\windows\setup.ps1 -AddMissing
started: 2026-10-04T11:32:03.3320304+01:00
added to .env: INTERNAL_SERVICE_TOKEN, S3_PUBLIC_ENDPOINT
exit=0 seconds=0.4

===== Docker engine is running =====
command: docker info --format "server {{.ServerVersion}} os {{.OperatingSystem}}"
started: 2026-10-04T11:32:03.7220950+01:00
server 29.7.2 os Docker Desktop
exit=0 seconds=0.2

===== GPU visible to Docker (docker run --gpus all ... nvidia-smi) =====
command: docker run --rm --gpus all ubuntu:24.04 nvidia-smi -L
started: 2026-10-04T11:32:03.9496063+01:00
GPU 0: NVIDIA GeForce GTX 1650 with Max-Q Design (UUID: GPU-ee1b4c30-d658-6a46-7bfb-e81ac22f9265)
exit=0 seconds=1.7
gpu_override=True

===== docker and compose versions =====
command: docker version --format "client {{.Client.Version}} server {{.Server.Version}}"; docker compose version
started: 2026-10-04T11:32:05.6252569+01:00
client 29.7.2 server 29.7.2
Docker Compose version v5.4.0
exit=0 seconds=0.2

===== free disk space (Docker Desktop stores images on C: by default; about 10 GB is needed) =====
command: Get-PSDrive -PSProvider FileSystem | Where-Object { $_.Used -ne $null } | ForEach-Object { "{0}: {1:N1} GB free" -f $_.Name, ($_.Free / 1GB) }
started: 2026-10-04T11:32:05.8210712+01:00
C: 3.5 GB free
D: 115.4 GB free
E: 3.9 GB free
exit=0 seconds=0.3

===== compose config is valid =====
command: docker compose @files config -q
started: 2026-10-04T11:32:06.1656171+01:00
exit=0 seconds=0.1

===== every pinned image tag exists in its registry =====
command: $bad = 0
  foreach ($img in @("postgis/postgis:18-3.6", "amacneil/dbmate:2.36.0", "dxflrs/garage:v2.4.1", "ollama/ollama:0.34.4",
                     "n8nio/n8n:2.41.3", "n8nio/runners:2.41.3", "caddy:2.11.4-alpine", "python:3.12.14-slim", "docker:29.8.1-cli",
                     "ghcr.io/huggingface/text-embeddings-inference:cpu-1.9.4")) {
    docker manifest inspect $img *> $null
    if ($LASTEXITCODE -eq 0) { "found    $img" } else { "MISSING  $img"; $bad++ }
  }
  $global:LASTEXITCODE = $bad
started: 2026-10-04T11:32:06.3213093+01:00
found    postgis/postgis:18-3.6
found    amacneil/dbmate:2.36.0
found    dxflrs/garage:v2.4.1
found    ollama/ollama:0.34.4
found    n8nio/n8n:2.41.3
found    n8nio/runners:2.41.3
found    caddy:2.11.4-alpine
found    python:3.12.14-slim
found    docker:29.8.1-cli
found    ghcr.io/huggingface/text-embeddings-inference:cpu-1.9.4
exit=0 seconds=91

===== pull service images (largest download: Ollama, n8n) =====
command: docker compose @files pull --ignore-buildable
started: 2026-10-04T11:33:37.3335645+01:00
 Image flatshare/media:0.1.0 Skipped Image can be built
 Image caddy:2.11.4-alpine Pulling 
 Image dxflrs/garage:v2.4.1 Pulling 
 Image flatshare/postgres:18-3.6-pgvector0.8 Skipped Image can be built
 Image n8nio/runners:2.41.3 Pulling 
 Image ollama/ollama:0.34.4 Pulling 
 Image ghcr.io/huggingface/text-embeddings-inference:cpu-1.9.4 Pulling 
 Image flatshare/text:0.1.0 Skipped Image can be built
 Image flatshare/postgres:18-3.6-pgvector0.8 Skipped 
 Image n8nio/n8n:2.41.3 Pulling 
 Image dxflrs/garage:v2.4.1 Pulled 
 Image ollama/ollama:0.34.4 Pulled 
 Image n8nio/runners:2.41.3 Pulled 
 Image n8nio/n8n:2.41.3 Pulled 
 Image ghcr.io/huggingface/text-embeddings-inference:cpu-1.9.4 Pulled 
 Image caddy:2.11.4-alpine Pulled 
exit=0 seconds=3.1

===== build images =====
command: docker compose @files --profile test build
started: 2026-10-04T11:33:40.3970696+01:00
 Image flatshare/tests:py3.12.14-p4 Building 
 Image flatshare/postgres:18-3.6-pgvector0.8 Building 
 Image flatshare/text:0.1.0 Building 
 Image flatshare/media:0.1.0 Building 
#1 [internal] load local bake definitions
#1 reading from stdin 1.96kB done
#1 DONE 0.0s

#2 [tests internal] load build definition from Dockerfile
#2 transferring dockerfile: 599B 0.0s done
#2 DONE 0.0s

#3 [postgres internal] load build definition from Dockerfile
#3 transferring dockerfile: 1.08kB 0.0s done
#3 DONE 0.0s

#4 [media internal] load build definition from Dockerfile
#4 transferring dockerfile: 1.27kB 0.0s done
#4 DONE 0.0s

#5 [text internal] load build definition from Dockerfile
#5 transferring dockerfile: 1.13kB 0.0s done
#5 DONE 0.0s

#6 [text internal] load metadata for docker.io/library/python:3.12.14-slim
#6 ...

#7 [auth] postgis/postgis:pull token for registry-1.docker.io
#7 DONE 0.0s

#8 [auth] amacneil/dbmate:pull token for registry-1.docker.io
#8 DONE 0.0s

#9 [auth] library/python:pull token for registry-1.docker.io
#9 DONE 0.0s

#10 [auth] library/docker:pull token for registry-1.docker.io
#10 DONE 0.0s

#11 [postgres internal] load metadata for docker.io/postgis/postgis:18-3.6
#11 ...

#12 [tests internal] load metadata for docker.io/library/docker:29.8.1-cli
#12 DONE 1.1s

#6 [text internal] load metadata for docker.io/library/python:3.12.14-slim
#6 DONE 1.1s

#11 [postgres internal] load metadata for docker.io/postgis/postgis:18-3.6
#11 DONE 1.1s

#13 [tests internal] load .dockerignore
#13 transferring context: 2B done
#13 DONE 0.0s

#14 [postgres internal] load metadata for docker.io/amacneil/dbmate:2.36.0
#14 DONE 1.1s

#15 [postgres internal] load .dockerignore
#15 transferring context: 2B done
#15 DONE 0.0s

#16 [media internal] load .dockerignore
#16 transferring context: 2B done
#16 DONE 0.0s

#17 [tests docker 1/1] FROM docker.io/library/docker:29.8.1-cli@sha256:018edbc908e08fcc9dbf029c812c34251e9b4719e6f71ca0e5eae2a987d014ca
#17 resolve docker.io/library/docker:29.8.1-cli@sha256:018edbc908e08fcc9dbf029c812c34251e9b4719e6f71ca0e5eae2a987d014ca 0.0s done
#17 DONE 0.0s

#18 [media stage-1 1/6] FROM docker.io/library/python:3.12.14-slim@sha256:f77ac9e44ae96ef2c90b8053ea08c31f8be030f824196b0ae4db6d462c84e51f
#18 resolve docker.io/library/python:3.12.14-slim@sha256:f77ac9e44ae96ef2c90b8053ea08c31f8be030f824196b0ae4db6d462c84e51f 0.0s done
#18 CACHED

#19 [tests internal] load build context
#19 transferring context: 200B done
#19 DONE 0.0s

#20 [tests stage-1 2/6] COPY --from=docker /usr/local/bin/docker /usr/local/bin/docker
#20 CACHED

#21 [tests stage-1 3/6] RUN apt-get update && apt-get install -y --no-install-recommends git && rm -rf /var/lib/apt/lists/*  && git config --system --add safe.directory /flatshare
#21 CACHED

#22 [postgres dbmate 1/1] FROM docker.io/amacneil/dbmate:2.36.0@sha256:520c740c6e0ad73fde2cd1ea7e2b779aaf789d22aca8858f87a478e7094535fb
#22 resolve docker.io/amacneil/dbmate:2.36.0@sha256:520c740c6e0ad73fde2cd1ea7e2b779aaf789d22aca8858f87a478e7094535fb 0.0s done
#22 DONE 0.0s

#23 [postgres stage-1 1/4] FROM docker.io/postgis/postgis:18-3.6@sha256:60f6ad1d21ea86a67d47780b9a0d1e1d200500f62b19293fa834d0dea80b8677
#23 resolve docker.io/postgis/postgis:18-3.6@sha256:60f6ad1d21ea86a67d47780b9a0d1e1d200500f62b19293fa834d0dea80b8677 0.0s done
#23 DONE 0.0s

#24 [postgres stage-1 2/4] RUN set -eux;     apt-get -o Acquire::Retries=5 -o Acquire::http::Timeout=60 update;     apt-get -o Acquire::Retries=5 -o Acquire::http::Timeout=60 install -y --no-install-recommends         postgresql-18-pgvector postgresql-18-pgtap libtap-parser-sourcehandler-pgtap-perl;     rm -rf /var/lib/apt/lists/*;     dpkg-query -W postgresql-18-pgvector postgresql-18-pgtap postgresql-18-postgis-3;     dpkg-query -W -f='${Version}' postgresql-18-pgvector | grep -q '^0\.8\.'
#24 CACHED

#25 [postgres stage-1 3/4] COPY --from=dbmate /usr/local/bin/dbmate /usr/local/bin/dbmate
#25 CACHED

#26 [postgres stage-1 4/4] RUN dbmate --version && pg_prove --version
#26 CACHED

#27 [tests stage-1 4/6] COPY requirements-dev.txt /tmp/requirements-dev.txt
#27 DONE 0.1s

#28 [text internal] load build context
#28 transferring context: 34.34kB 0.0s done
#28 DONE 0.1s

#29 [media internal] load build context
#29 transferring context: 67.25kB 0.1s done
#29 DONE 0.1s

#30 [postgres] exporting to image
#30 exporting layers done
#30 exporting manifest sha256:2b5b697d3b3fa18f4b46b0976249be0469828c58d595a9c8763dac569813eb49 done
#30 exporting config sha256:f0d41cc89021e1bea8944e8d5de93633d5a1900916dff5d38c284e91ff4723a7 done
#30 exporting attestation manifest sha256:f3bf7ecdf79e72854b8b8715eef193730f5fc2f495a0619f8059e345fe386154 0.0s done
#30 exporting manifest list sha256:889d14d9fa8e8fad5252ea08bd218fa73990cc7f77b11ed71d9425b02e3ba8df 0.0s done
#30 naming to docker.io/flatshare/postgres:18-3.6-pgvector0.8 done
#30 unpacking to docker.io/flatshare/postgres:18-3.6-pgvector0.8 0.0s done
#30 DONE 0.1s

#31 [tests stage-1 5/6] RUN pip install --no-cache-dir -r /tmp/requirements-dev.txt
#31 ...

#32 [postgres] resolving provenance for metadata file
#32 DONE 0.0s

#33 [media  2/12] RUN apt-get update && apt-get install -y --no-install-recommends ca-certificates curl ffmpeg       tesseract-ocr tesseract-ocr-eng tesseract-ocr-fra tesseract-ocr-ara  && rm -rf /var/lib/apt/lists/*
#33 0.702 Hit:1 http://deb.debian.org/debian trixie InRelease
#33 0.739 Get:2 http://deb.debian.org/debian trixie-updates InRelease [47.3 kB]
#33 0.810 Get:3 http://deb.debian.org/debian-security trixie-security InRelease [43.4 kB]
#33 0.883 Get:4 http://deb.debian.org/debian trixie/main amd64 Packages [9678 kB]
#33 ...

#31 [tests stage-1 5/6] RUN pip install --no-cache-dir -r /tmp/requirements-dev.txt
#31 2.418 Collecting httpx==0.28.1 (from -r /tmp/requirements-dev.txt (line 1))
#31 3.185   Downloading httpx-0.28.1-py3-none-any.whl.metadata (7.1 kB)
#31 3.646 Collecting pytest==9.1.1 (from -r /tmp/requirements-dev.txt (line 2))
#31 3.701   Downloading pytest-9.1.1-py3-none-any.whl.metadata (7.6 kB)
#31 3.836 Collecting psycopg==3.3.6 (from psycopg[binary]==3.3.6->-r /tmp/requirements-dev.txt (line 3))
#31 3.887   Downloading psycopg-3.3.6-py3-none-any.whl.metadata (4.4 kB)
#31 3.977 Collecting detect-secrets==1.5.0 (from -r /tmp/requirements-dev.txt (line 4))
#31 4.050   Downloading detect_secrets-1.5.0-py3-none-any.whl.metadata (23 kB)
#31 4.240 Collecting openapi-spec-validator==0.9.0 (from -r /tmp/requirements-dev.txt (line 5))
#31 4.288   Downloading openapi_spec_validator-0.9.0-py3-none-any.whl.metadata (6.5 kB)
#31 4.420 Collecting jsonschema==4.26.0 (from -r /tmp/requirements-dev.txt (line 6))
#31 4.469   Downloading jsonschema-4.26.0-py3-none-any.whl.metadata (7.6 kB)
#31 4.606 Collecting PyYAML==6.0.3 (from -r /tmp/requirements-dev.txt (line 7))
#31 4.660   Downloading pyyaml-6.0.3-cp312-cp312-manylinux2014_x86_64.manylinux_2_17_x86_64.manylinux_2_28_x86_64.whl.metadata (2.4 kB)
#31 5.673 Collecting pillow==12.3.0 (from -r /tmp/requirements-dev.txt (line 8))
#31 5.724   Downloading pillow-12.3.0-cp312-cp312-manylinux_2_27_x86_64.manylinux_2_28_x86_64.whl.metadata (9.1 kB)
#31 5.851 Collecting anyio (from httpx==0.28.1->-r /tmp/requirements-dev.txt (line 1))
#31 5.905   Downloading anyio-4.15.1-py3-none-any.whl.metadata (4.7 kB)
#31 5.993 Collecting certifi (from httpx==0.28.1->-r /tmp/requirements-dev.txt (line 1))
#31 6.059   Downloading certifi-2026.7.22-py3-none-any.whl.metadata (2.5 kB)
#31 6.166 Collecting httpcore==1.* (from httpx==0.28.1->-r /tmp/requirements-dev.txt (line 1))
#31 6.229   Downloading httpcore-1.0.9-py3-none-any.whl.metadata (21 kB)
#31 6.389 Collecting idna (from httpx==0.28.1->-r /tmp/requirements-dev.txt (line 1))
#31 6.447   Downloading idna-3.20-py3-none-any.whl.metadata (7.2 kB)
#31 6.635 Collecting iniconfig>=1.0.1 (from pytest==9.1.1->-r /tmp/requirements-dev.txt (line 2))
#31 6.702   Downloading iniconfig-2.3.0-py3-none-any.whl.metadata (2.5 kB)
#31 6.799 Collecting packaging>=22 (from pytest==9.1.1->-r /tmp/requirements-dev.txt (line 2))
#31 6.874   Downloading packaging-26.3-py3-none-any.whl.metadata (3.5 kB)
#31 6.967 Collecting pluggy<2,>=1.5 (from pytest==9.1.1->-r /tmp/requirements-dev.txt (line 2))
#31 7.027   Downloading pluggy-1.6.0-py3-none-any.whl.metadata (4.8 kB)
#31 7.146 Collecting pygments>=2.7.2 (from pytest==9.1.1->-r /tmp/requirements-dev.txt (line 2))
#31 7.214   Downloading pygments-2.21.0-py3-none-any.whl.metadata (2.5 kB)
#31 7.300 Collecting typing-extensions>=4.6 (from psycopg==3.3.6->psycopg[binary]==3.3.6->-r /tmp/requirements-dev.txt (line 3))
#31 7.342   Downloading typing_extensions-4.16.0-py3-none-any.whl.metadata (3.3 kB)
#31 7.472 Collecting requests (from detect-secrets==1.5.0->-r /tmp/requirements-dev.txt (line 4))
#31 7.524   Downloading requests-2.34.2-py3-none-any.whl.metadata (4.8 kB)
#31 7.597 Collecting jsonschema-path<0.6.0,>=0.5.0 (from openapi-spec-validator==0.9.0->-r /tmp/requirements-dev.txt (line 5))
#31 7.690   Downloading jsonschema_path-0.5.0-py3-none-any.whl.metadata (8.1 kB)
#31 7.838 Collecting lazy-object-proxy<2.0,>=1.7.1 (from openapi-spec-validator==0.9.0->-r /tmp/requirements-dev.txt (line 5))
#31 7.889   Downloading lazy_object_proxy-1.12.0-cp312-cp312-manylinux1_x86_64.manylinux_2_28_x86_64.manylinux_2_5_x86_64.whl.metadata (5.1 kB)
#31 7.953 Collecting openapi-schema-validator<0.10.0,>=0.9.0 (from openapi-spec-validator==0.9.0->-r /tmp/requirements-dev.txt (line 5))
#31 8.001   Downloading openapi_schema_validator-0.9.0-py3-none-any.whl.metadata (10 kB)
#31 8.723 Collecting pydantic<3.0.0,>=2.0.0 (from openapi-spec-validator==0.9.0->-r /tmp/requirements-dev.txt (line 5))
#31 8.775   Downloading pydantic-2.13.5-py3-none-any.whl.metadata (110 kB)
#31 9.101 Collecting pydantic-settings<3.0.0,>=2.0.0 (from openapi-spec-validator==0.9.0->-r /tmp/requirements-dev.txt (line 5))
#31 9.158   Downloading pydantic_settings-2.15.0-py3-none-any.whl.metadata (3.9 kB)
#31 9.229 Collecting attrs>=22.2.0 (from jsonschema==4.26.0->-r /tmp/requirements-dev.txt (line 6))
#31 9.283   Downloading attrs-26.1.0-py3-none-any.whl.metadata (8.8 kB)
#31 9.339 Collecting jsonschema-specifications>=2023.03.6 (from jsonschema==4.26.0->-r /tmp/requirements-dev.txt (line 6))
#31 9.398   Downloading jsonschema_specifications-2025.9.1-py3-none-any.whl.metadata (2.9 kB)
#31 9.580 Collecting referencing>=0.28.4 (from jsonschema==4.26.0->-r /tmp/requirements-dev.txt (line 6))
#31 9.629   Downloading referencing-0.37.0-py3-none-any.whl.metadata (2.8 kB)
#31 ...

#34 [text  2/10] RUN apt-get update && apt-get install -y --no-install-recommends build-essential && rm -rf /var/lib/apt/lists/*
#34 0.702 Hit:1 http://deb.debian.org/debian trixie InRelease
#34 0.733 Get:2 http://deb.debian.org/debian trixie-updates InRelease [47.3 kB]
#34 0.835 Get:3 http://deb.debian.org/debian-security trixie-security InRelease [43.4 kB]
#34 0.948 Get:4 http://deb.debian.org/debian trixie/main amd64 Packages [9678 kB]
#34 ...

#31 [tests stage-1 5/6] RUN pip install --no-cache-dir -r /tmp/requirements-dev.txt
#31 11.27 Collecting rpds-py>=0.25.0 (from jsonschema==4.26.0->-r /tmp/requirements-dev.txt (line 6))
#31 11.33   Downloading rpds_py-2026.6.3-cp312-cp312-manylinux_2_17_x86_64.manylinux2014_x86_64.whl.metadata (4.1 kB)
#31 12.36 Collecting psycopg-binary==3.3.6 (from psycopg[binary]==3.3.6->-r /tmp/requirements-dev.txt (line 3))
#31 12.43   Downloading psycopg_binary-3.3.6-cp312-cp312-manylinux2014_x86_64.manylinux_2_17_x86_64.whl.metadata (2.7 kB)
#31 12.50 Collecting h11>=0.16 (from httpcore==1.*->httpx==0.28.1->-r /tmp/requirements-dev.txt (line 1))
#31 12.58   Downloading h11-0.16.0-py3-none-any.whl.metadata (8.3 kB)
#31 12.66 Collecting pathable<0.7.0,>=0.6.0 (from jsonschema-path<0.6.0,>=0.5.0->openapi-spec-validator==0.9.0->-r /tmp/requirements-dev.txt (line 5))
#31 12.72   Downloading pathable-0.6.0-py3-none-any.whl.metadata (7.2 kB)
#31 12.83 Collecting rfc3339-validator (from openapi-schema-validator<0.10.0,>=0.9.0->openapi-spec-validator==0.9.0->-r /tmp/requirements-dev.txt (line 5))
#31 12.88   Downloading rfc3339_validator-0.1.4-py2.py3-none-any.whl.metadata (1.5 kB)
#31 12.98 Collecting annotated-types>=0.6.0 (from pydantic<3.0.0,>=2.0.0->openapi-spec-validator==0.9.0->-r /tmp/requirements-dev.txt (line 5))
#31 13.03   Downloading annotated_types-0.8.0-py3-none-any.whl.metadata (15 kB)
#31 18.12 Collecting pydantic-core==2.46.5 (from pydantic<3.0.0,>=2.0.0->openapi-spec-validator==0.9.0->-r /tmp/requirements-dev.txt (line 5))
#31 18.18   Downloading pydantic_core-2.46.5-cp312-cp312-manylinux_2_17_x86_64.manylinux2014_x86_64.whl.metadata (6.6 kB)
#31 18.25 Collecting typing-inspection>=0.4.2 (from pydantic<3.0.0,>=2.0.0->openapi-spec-validator==0.9.0->-r /tmp/requirements-dev.txt (line 5))
#31 18.30   Downloading typing_inspection-0.4.4-py3-none-any.whl.metadata (2.6 kB)
#31 18.42 Collecting python-dotenv>=0.21.0 (from pydantic-settings<3.0.0,>=2.0.0->openapi-spec-validator==0.9.0->-r /tmp/requirements-dev.txt (line 5))
#31 18.50   Downloading python_dotenv-1.2.4-py3-none-any.whl.metadata (29 kB)
#31 19.30 Collecting charset_normalizer<4,>=2 (from requests->detect-secrets==1.5.0->-r /tmp/requirements-dev.txt (line 4))
#31 19.35   Downloading charset_normalizer-3.5.2-cp312-cp312-manylinux2014_x86_64.manylinux_2_17_x86_64.manylinux_2_28_x86_64.whl.metadata (46 kB)
#31 19.68 Collecting urllib3<3,>=1.26 (from requests->detect-secrets==1.5.0->-r /tmp/requirements-dev.txt (line 4))
#31 19.74   Downloading urllib3-2.8.0-py3-none-any.whl.metadata (7.4 kB)
#31 19.82 Collecting six (from rfc3339-validator->openapi-schema-validator<0.10.0,>=0.9.0->openapi-spec-validator==0.9.0->-r /tmp/requirements-dev.txt (line 5))
#31 19.93   Downloading six-1.17.0-py2.py3-none-any.whl.metadata (1.7 kB)
#31 20.01 Downloading httpx-0.28.1-py3-none-any.whl (73 kB)
#31 20.82 Downloading pytest-9.1.1-py3-none-any.whl (386 kB)
#31 ...

#33 [media  2/12] RUN apt-get update && apt-get install -y --no-install-recommends ca-certificates curl ffmpeg       tesseract-ocr tesseract-ocr-eng tesseract-ocr-fra tesseract-ocr-ara  && rm -rf /var/lib/apt/lists/*
#33 21.95 Get:5 http://deb.debian.org/debian trixie-updates/main amd64 Packages [4412 B]
#33 21.99 Get:6 http://deb.debian.org/debian-security trixie-security/main amd64 Packages [264 kB]
#33 22.69 Fetched 10.0 MB in 22s (453 kB/s)
#33 22.69 Reading package lists...
#33 23.20 Reading package lists...
#33 23.69 Building dependency tree...
#33 23.84 Reading state information...
#33 24.02 ca-certificates is already the newest version (20250419).
#33 24.02 The following additional packages will be installed:
#33 24.02   fontconfig fontconfig-config fonts-dejavu-core fonts-dejavu-mono libaom3
#33 24.02   libarchive13t64 libasound2-data libasound2t64 libass9 libasyncns0 libatomic1
#33 24.02   libavc1394-0 libavcodec61 libavdevice61 libavfilter10 libavformat61
#33 24.02   libavutil59 libblas3 libbluray2 libbrotli1 libbs2b0 libcaca0
#33 24.02   libcairo-gobject2 libcairo2 libcdio-cdda2t64 libcdio-paranoia2t64
#33 24.02   libcdio19t64 libchromaprint1 libcjson1 libcodec2-1.2 libcom-err2 libcurl4t64
#33 24.02   libdatrie1 libdav1d7 libdbus-1-3 libdc1394-25 libdecor-0-0 libdeflate0
#33 24.02   libdrm-amdgpu1 libdrm-common libdrm-intel1 libdrm2 libdvdnav4 libdvdread8t64
#33 24.02   libedit2 libelf1t64 libexpat1 libfftw3-double3 libflac14 libflite1
#33 24.02   libfontconfig1 libfreetype6 libfribidi0 libgbm1 libgdk-pixbuf-2.0-0
#33 24.02   libgdk-pixbuf2.0-common libgfortran5 libgif7 libgl1 libgl1-mesa-dri
#33 24.02   libglib2.0-0t64 libglvnd0 libglx-mesa0 libglx0 libgme0 libgnutls30t64
#33 24.02   libgomp1 libgraphite2-3 libgsm1 libgssapi-krb5-2 libharfbuzz0b libhwy1t64
#33 24.02   libicu76 libidn2-0 libiec61883-0 libjack-jackd2-0 libjbig0 libjpeg62-turbo
#33 24.02   libjxl0.11 libk5crypto3 libkeyutils1 libkrb5-3 libkrb5support0 liblapack3
#33 24.02   liblcms2-2 libldap2 libleptonica6 liblerc4 liblilv-0-0 libllvm19
#33 24.02   libmbedcrypto16 libmp3lame0 libmpg123-0t64 libmysofa1 libnghttp2-14
#33 24.02   libnghttp3-9 libnorm1t64 libnuma1 libogg0 libopenal-data libopenal1
#33 24.02   libopenjp2-7 libopenmpt0t64 libopus0 libp11-kit0 libpango-1.0-0
#33 24.02   libpangocairo-1.0-0 libpangoft2-1.0-0 libpciaccess0 libpgm-5.3-0t64
#33 24.02   libpixman-1-0 libplacebo349 libpng16-16t64 libpocketsphinx3 libpostproc58
#33 24.02   libpsl5t64 libpulse0 librabbitmq4 librav1e0.7 libraw1394-11 librist4
#33 24.02   librsvg2-2 librtmp1 librubberband2 libsamplerate0 libsasl2-2
#33 24.02   libsasl2-modules-db libsdl2-2.0-0 libsensors-config libsensors5 libserd-0-0
#33 24.02   libsharpyuv0 libshine3 libslang2 libsnappy1v5 libsndfile1 libsodium23
#33 24.02   libsord-0-0 libsoxr0 libspeex1 libsphinxbase3t64 libsratom-0-0
#33 24.02   libsrt1.5-gnutls libssh-4 libssh2-1t64 libsvtav1enc2 libswresample5
#33 24.02   libswscale8 libtasn1-6 libtesseract5 libthai-data libthai0 libtheoradec1
#33 24.02   libtheoraenc1 libtiff6 libtwolame0 libudfread0 libunibreak6 libunistring5
#33 24.02   libusb-1.0-0 libva-drm2 libva-x11-2 libva2 libvdpau1 libvidstab1.1
#33 24.02   libvorbis0a libvorbisenc2 libvorbisfile3 libvpl2 libvpx9 libvulkan1
#33 24.02   libwayland-client0 libwayland-cursor0 libwayland-egl1 libwayland-server0
#33 24.02   libwebp7 libwebpmux3 libx11-6 libx11-data libx11-xcb1 libx264-164
#33 24.02   libx265-215 libxau6 libxcb-dri3-0 libxcb-glx0 libxcb-present0 libxcb-randr0
#33 24.02   libxcb-render0 libxcb-shape0 libxcb-shm0 libxcb-sync1 libxcb-xfixes0 libxcb1
#33 24.02   libxcursor1 libxdmcp6 libxext6 libxfixes3 libxi6 libxkbcommon0 libxml2
#33 24.02   libxrandr2 libxrender1 libxshmfence1 libxss1 libxv1 libxvidcore4 libxxf86vm1
#33 24.02   libz3-4 libzimg2 libzix-0-0 libzmq5 libzvbi-common libzvbi0t64
#33 24.02   mesa-libgallium ocl-icd-libopencl1 shared-mime-info tesseract-ocr-osd
#33 24.02   x11-common xkb-data
#33 24.03 Suggested packages:
#33 24.03   ffmpeg-doc lrzip alsa-utils libasound2-plugins libcuda1 libnvcuvid1
#33 24.03   libnvidia-encode1 libbluray-bdj libdvdcss2 libfftw3-bin libfftw3-dev
#33 24.03   low-memory-monitor gnutls-bin krb5-doc krb5-user jackd2 liblcms2-utils
#33 24.03   libportaudio2 libsndio7.0 opus-tools pciutils pulseaudio libraw1394-doc
#33 24.03   librsvg2-bin xdg-utils lm-sensors serdi sordi speex opencl-icd
#33 24.03 Recommended packages:
#33 24.03   bash-completion alsa-ucm-conf alsa-topology-conf libaacs0 dbus
#33 24.03   default-libdecor-0-plugin-1 | libdecor-0-plugin-1 libgdk-pixbuf2.0-bin
#33 24.03   libglib2.0-data xdg-user-dirs krb5-locales libldap-common pocketsphinx-en-us
#33 24.03   publicsuffix librsvg2-common libsasl2-modules va-driver-all | va-driver
#33 24.03   vdpau-driver-all | vdpau-driver mesa-vulkan-drivers | vulkan-icd
#33 24.97 The following NEW packages will be installed:
#33 24.97   curl ffmpeg fontconfig fontconfig-config fonts-dejavu-core fonts-dejavu-mono
#33 24.97   libaom3 libarchive13t64 libasound2-data libasound2t64 libass9 libasyncns0
#33 24.97   libatomic1 libavc1394-0 libavcodec61 libavdevice61 libavfilter10
#33 24.97   libavformat61 libavutil59 libblas3 libbluray2 libbrotli1 libbs2b0 libcaca0
#33 24.97   libcairo-gobject2 libcairo2 libcdio-cdda2t64 libcdio-paranoia2t64
#33 24.97   libcdio19t64 libchromaprint1 libcjson1 libcodec2-1.2 libcom-err2 libcurl4t64
#33 24.97   libdatrie1 libdav1d7 libdbus-1-3 libdc1394-25 libdecor-0-0 libdeflate0
#33 24.97   libdrm-amdgpu1 libdrm-common libdrm-intel1 libdrm2 libdvdnav4 libdvdread8t64
#33 24.97   libedit2 libelf1t64 libexpat1 libfftw3-double3 libflac14 libflite1
#33 24.97   libfontconfig1 libfreetype6 libfribidi0 libgbm1 libgdk-pixbuf-2.0-0
#33 24.97   libgdk-pixbuf2.0-common libgfortran5 libgif7 libgl1 libgl1-mesa-dri
#33 24.97   libglib2.0-0t64 libglvnd0 libglx-mesa0 libglx0 libgme0 libgnutls30t64
#33 24.97   libgomp1 libgraphite2-3 libgsm1 libgssapi-krb5-2 libharfbuzz0b libhwy1t64
#33 24.97   libicu76 libidn2-0 libiec61883-0 libjack-jackd2-0 libjbig0 libjpeg62-turbo
#33 24.97   libjxl0.11 libk5crypto3 libkeyutils1 libkrb5-3 libkrb5support0 liblapack3
#33 24.97   liblcms2-2 libldap2 libleptonica6 liblerc4 liblilv-0-0 libllvm19
#33 24.97   libmbedcrypto16 libmp3lame0 libmpg123-0t64 libmysofa1 libnghttp2-14
#33 24.97   libnghttp3-9 libnorm1t64 libnuma1 libogg0 libopenal-data libopenal1
#33 24.97   libopenjp2-7 libopenmpt0t64 libopus0 libp11-kit0 libpango-1.0-0
#33 24.97   libpangocairo-1.0-0 libpangoft2-1.0-0 libpciaccess0 libpgm-5.3-0t64
#33 24.97   libpixman-1-0 libplacebo349 libpng16-16t64 libpocketsphinx3 libpostproc58
#33 24.97   libpsl5t64 libpulse0 librabbitmq4 librav1e0.7 libraw1394-11 librist4
#33 24.97   librsvg2-2 librtmp1 librubberband2 libsamplerate0 libsasl2-2
#33 24.97   libsasl2-modules-db libsdl2-2.0-0 libsensors-config libsensors5 libserd-0-0
#33 24.97   libsharpyuv0 libshine3 libslang2 libsnappy1v5 libsndfile1 libsodium23
#33 24.97   libsord-0-0 libsoxr0 libspeex1 libsphinxbase3t64 libsratom-0-0
#33 24.97   libsrt1.5-gnutls libssh-4 libssh2-1t64 libsvtav1enc2 libswresample5
#33 24.97   libswscale8 libtasn1-6 libtesseract5 libthai-data libthai0 libtheoradec1
#33 24.97   libtheoraenc1 libtiff6 libtwolame0 libudfread0 libunibreak6 libunistring5
#33 24.97   libusb-1.0-0 libva-drm2 libva-x11-2 libva2 libvdpau1 libvidstab1.1
#33 24.97   libvorbis0a libvorbisenc2 libvorbisfile3 libvpl2 libvpx9 libvulkan1
#33 24.97   libwayland-client0 libwayland-cursor0 libwayland-egl1 libwayland-server0
#33 24.98   libwebp7 libwebpmux3 libx11-6 libx11-data libx11-xcb1 libx264-164
#33 24.98   libx265-215 libxau6 libxcb-dri3-0 libxcb-glx0 libxcb-present0 libxcb-randr0
#33 24.98   libxcb-render0 libxcb-shape0 libxcb-shm0 libxcb-sync1 libxcb-xfixes0 libxcb1
#33 24.98   libxcursor1 libxdmcp6 libxext6 libxfixes3 libxi6 libxkbcommon0 libxml2
#33 24.98   libxrandr2 libxrender1 libxshmfence1 libxss1 libxv1 libxvidcore4 libxxf86vm1
#33 24.98   libz3-4 libzimg2 libzix-0-0 libzmq5 libzvbi-common libzvbi0t64
#33 24.98   mesa-libgallium ocl-icd-libopencl1 shared-mime-info tesseract-ocr
#33 24.98   tesseract-ocr-ara tesseract-ocr-eng tesseract-ocr-fra tesseract-ocr-osd
#33 24.98   x11-common xkb-data
#33 25.11 0 upgraded, 225 newly installed, 0 to remove and 4 not upgraded.
#33 25.11 Need to get 153 MB of archives.
#33 25.11 After this operation, 536 MB of additional disk space will be used.
#33 25.11 Get:1 http://deb.debian.org/debian trixie/main amd64 libexpat1 amd64 2.8.3-1~deb13u1 [123 kB]
#33 25.30 Get:2 http://deb.debian.org/debian trixie/main amd64 libbrotli1 amd64 1.1.0-2+b7 [307 kB]
#33 25.75 Get:3 http://deb.debian.org/debian trixie/main amd64 libkrb5support0 amd64 1.21.3-5+deb13u1 [33.1 kB]
#33 26.19 Get:4 http://deb.debian.org/debian trixie/main amd64 libcom-err2 amd64 1.47.2-3+b12 [25.0 kB]
#33 26.26 Get:5 http://deb.debian.org/debian trixie/main amd64 libk5crypto3 amd64 1.21.3-5+deb13u1 [81.2 kB]
#33 26.58 Get:6 http://deb.debian.org/debian trixie/main amd64 libkeyutils1 amd64 1.6.3-6 [9456 B]
#33 26.60 Get:7 http://deb.debian.org/debian trixie/main amd64 libkrb5-3 amd64 1.21.3-5+deb13u1 [326 kB]
#33 27.48 Get:8 http://deb.debian.org/debian trixie/main amd64 libgssapi-krb5-2 amd64 1.21.3-5+deb13u1 [138 kB]
#33 27.89 Get:9 http://deb.debian.org/debian trixie/main amd64 libunistring5 amd64 1.3-2 [477 kB]
#33 29.52 Get:10 http://deb.debian.org/debian trixie/main amd64 libidn2-0 amd64 2.3.8-2 [109 kB]
#33 29.83 Get:11 http://deb.debian.org/debian trixie/main amd64 libsasl2-modules-db amd64 2.1.28+dfsg1-9 [19.8 kB]
#33 29.87 Get:12 http://deb.debian.org/debian trixie/main amd64 libsasl2-2 amd64 2.1.28+dfsg1-9 [57.5 kB]
#33 30.06 Get:13 http://deb.debian.org/debian trixie/main amd64 libldap2 amd64 2.6.10+dfsg-1 [194 kB]
#33 30.79 Get:14 http://deb.debian.org/debian trixie/main amd64 libnghttp2-14 amd64 1.64.0-1.1+deb13u1 [76.2 kB]
#33 30.96 Get:15 http://deb.debian.org/debian trixie/main amd64 libnghttp3-9 amd64 1.8.0-1 [67.7 kB]
#33 31.08 Get:16 http://deb.debian.org/debian trixie/main amd64 libpsl5t64 amd64 0.21.2-1.1+b1 [57.2 kB]
#33 31.20 Get:17 http://deb.debian.org/debian trixie/main amd64 libp11-kit0 amd64 0.25.5-3 [425 kB]
#33 ...

#31 [tests stage-1 5/6] RUN pip install --no-cache-dir -r /tmp/requirements-dev.txt
#31 22.31 Downloading psycopg-3.3.6-py3-none-any.whl (215 kB)
#31 22.79 Downloading detect_secrets-1.5.0-py3-none-any.whl (120 kB)
#31 23.03 Downloading openapi_spec_validator-0.9.0-py3-none-any.whl (50 kB)
#31 23.21 Downloading jsonschema-4.26.0-py3-none-any.whl (90 kB)
#31 23.46 Downloading pyyaml-6.0.3-cp312-cp312-manylinux2014_x86_64.manylinux_2_17_x86_64.manylinux_2_28_x86_64.whl (807 kB)
#31 26.09    ΓöüΓöüΓöüΓöüΓöüΓöüΓöüΓöüΓöüΓöüΓöüΓöüΓöüΓöüΓöüΓöüΓöüΓöüΓöüΓöüΓöüΓöüΓöüΓöüΓöüΓöüΓöüΓöüΓöüΓöüΓöüΓöüΓöüΓöüΓöüΓöüΓöüΓöüΓöü 807.9/807.9 kB 234.6 kB/s eta 0:00:00
#31 26.14 Downloading pillow-12.3.0-cp312-cp312-manylinux_2_27_x86_64.manylinux_2_28_x86_64.whl (6.9 MB)
#31 ...

#33 [media  2/12] RUN apt-get update && apt-get install -y --no-install-recommends ca-certificates curl ffmpeg       tesseract-ocr tesseract-ocr-eng tesseract-ocr-fra tesseract-ocr-ara  && rm -rf /var/lib/apt/lists/*
#33 33.17 Get:18 http://deb.debian.org/debian trixie/main amd64 libtasn1-6 amd64 4.20.0-2+deb13u1 [50.1 kB]
#33 33.32 Get:19 http://deb.debian.org/debian trixie/main amd64 libgnutls30t64 amd64 3.8.9-3+deb13u4 [1469 kB]
#33 37.47 Get:20 http://deb.debian.org/debian trixie/main amd64 librtmp1 amd64 2.4+20151223.gitfa8646d.1-2+b5 [58.8 kB]
#33 37.63 Get:21 http://deb.debian.org/debian trixie/main amd64 libssh2-1t64 amd64 1.11.1-1+deb13u2 [245 kB]
#33 38.05 Get:22 http://deb.debian.org/debian trixie/main amd64 libcurl4t64 amd64 8.14.1-2+deb13u5 [391 kB]
#33 39.23 Get:23 http://deb.debian.org/debian trixie/main amd64 curl amd64 8.14.1-2+deb13u5 [270 kB]
#33 39.92 Get:24 http://deb.debian.org/debian trixie/main amd64 libaom3 amd64 3.12.1-1+deb13u1 [1872 kB]
#33 ...

#34 [text  2/10] RUN apt-get update && apt-get install -y --no-install-recommends build-essential && rm -rf /var/lib/apt/lists/*
#34 42.17 Get:5 http://deb.debian.org/debian trixie-updates/main amd64 Packages [4412 B]
#34 42.22 Get:6 http://deb.debian.org/debian-security trixie-security/main amd64 Packages [264 kB]
#34 43.12 Fetched 10.0 MB in 43s (236 kB/s)
#34 43.12 Reading package lists...
#34 43.60 Reading package lists...
#34 44.08 Building dependency tree...
#34 44.20 Reading state information...
#34 44.34 The following additional packages will be installed:
#34 44.34   binutils binutils-common binutils-x86-64-linux-gnu bzip2 cpp cpp-14
#34 44.34   cpp-14-x86-64-linux-gnu cpp-x86-64-linux-gnu dpkg-dev g++ g++-14
#34 44.34   g++-14-x86-64-linux-gnu g++-x86-64-linux-gnu gcc gcc-14
#34 44.34   gcc-14-x86-64-linux-gnu gcc-x86-64-linux-gnu libasan8 libatomic1 libbinutils
#34 44.34   libc-dev-bin libc6-dev libcc1-0 libcrypt-dev libctf-nobfd0 libctf0
#34 44.34   libdpkg-perl libgcc-14-dev libgdbm-compat4t64 libgomp1 libgprofng0
#34 44.34   libhwasan0 libisl23 libitm1 libjansson4 liblsan0 libmpc3 libmpfr6
#34 44.35   libperl5.40 libquadmath0 libsframe1 libstdc++-14-dev libtsan2 libubsan1
#34 44.35   linux-libc-dev make patch perl perl-modules-5.40 rpcsvc-proto xz-utils
#34 44.35 Suggested packages:
#34 44.35   binutils-doc gprofng-gui binutils-gold bzip2-doc cpp-doc gcc-14-locales
#34 44.35   cpp-14-doc debian-keyring debian-tag2upload-keyring g++-multilib
#34 44.35   g++-14-multilib gcc-14-doc gcc-multilib manpages-dev autoconf automake
#34 44.35   libtool flex bison gdb gcc-doc gcc-14-multilib gdb-x86-64-linux-gnu
#34 44.35   libc-devtools glibc-doc sq | sqop | rsop | gosop | pgpainless-cli | gpg-sq
#34 44.35   | gnupg sensible-utils git bzr libstdc++-14-doc make-doc ed diffutils-doc
#34 44.35   perl-doc libterm-readline-gnu-perl | libterm-readline-perl-perl
#34 44.35   libtap-harness-archive-perl
#34 44.35 Recommended packages:
#34 44.35   fakeroot sq | sqop | rsop | gosop | pgpainless-cli | gpg-sq | gnupg
#34 44.35   libalgorithm-merge-perl manpages manpages-dev libfile-fcntllock-perl
#34 44.35   liblocale-gettext-perl
#34 44.50 The following NEW packages will be installed:
#34 44.50   binutils binutils-common binutils-x86-64-linux-gnu build-essential bzip2 cpp
#34 44.50   cpp-14 cpp-14-x86-64-linux-gnu cpp-x86-64-linux-gnu dpkg-dev g++ g++-14
#34 44.50   g++-14-x86-64-linux-gnu g++-x86-64-linux-gnu gcc gcc-14
#34 44.50   gcc-14-x86-64-linux-gnu gcc-x86-64-linux-gnu libasan8 libatomic1 libbinutils
#34 44.50   libc-dev-bin libc6-dev libcc1-0 libcrypt-dev libctf-nobfd0 libctf0
#34 44.50   libdpkg-perl libgcc-14-dev libgdbm-compat4t64 libgomp1 libgprofng0
#34 44.50   libhwasan0 libisl23 libitm1 libjansson4 liblsan0 libmpc3 libmpfr6
#34 44.50   libperl5.40 libquadmath0 libsframe1 libstdc++-14-dev libtsan2 libubsan1
#34 44.50   linux-libc-dev make patch perl perl-modules-5.40 rpcsvc-proto xz-utils
#34 44.70 0 upgraded, 52 newly installed, 0 to remove and 4 not upgraded.
#34 44.70 Need to get 82.6 MB of archives.
#34 44.70 After this operation, 336 MB of additional disk space will be used.
#34 44.70 Get:1 http://deb.debian.org/debian trixie/main amd64 bzip2 amd64 1.0.8-6 [40.5 kB]
#34 44.85 Get:2 http://deb.debian.org/debian trixie/main amd64 perl-modules-5.40 all 5.40.1-6+deb13u1 [3014 kB]
#34 ...

#33 [media  2/12] RUN apt-get update && apt-get install -y --no-install-recommends ca-certificates curl ffmpeg       tesseract-ocr tesseract-ocr-eng tesseract-ocr-fra tesseract-ocr-ara  && rm -rf /var/lib/apt/lists/*
#33 47.82 Get:25 http://deb.debian.org/debian trixie/main amd64 libdrm-common all 2.4.124-2 [8288 B]
#33 47.82 Get:26 http://deb.debian.org/debian trixie/main amd64 libdrm2 amd64 2.4.124-2 [39.0 kB]
#33 48.28 Get:27 http://deb.debian.org/debian trixie/main amd64 libva2 amd64 2.22.0-3 [79.4 kB]
#33 48.75 Get:28 http://deb.debian.org/debian trixie/main amd64 libva-drm2 amd64 2.22.0-3 [18.3 kB]
#33 48.76 Get:29 http://deb.debian.org/debian trixie/main amd64 libxau6 amd64 1:1.0.11-1 [20.4 kB]
#33 48.89 Get:30 http://deb.debian.org/debian trixie/main amd64 libxdmcp6 amd64 1:1.1.5-1 [27.8 kB]
#33 48.97 Get:31 http://deb.debian.org/debian trixie/main amd64 libxcb1 amd64 1.17.0-2+b1 [144 kB]
#33 49.62 Get:32 http://deb.debian.org/debian trixie/main amd64 libx11-data all 2:1.8.12-1 [343 kB]
#33 50.66 Get:33 http://deb.debian.org/debian trixie/main amd64 libx11-6 amd64 2:1.8.12-1 [815 kB]
#33 54.23 Get:34 http://deb.debian.org/debian trixie/main amd64 libx11-xcb1 amd64 2:1.8.12-1 [247 kB]
#33 55.30 Get:35 http://deb.debian.org/debian trixie/main amd64 libxcb-dri3-0 amd64 1.17.0-2+b1 [107 kB]
#33 55.64 Get:36 http://deb.debian.org/debian trixie/main amd64 libxext6 amd64 2:1.3.4-1+b3 [50.4 kB]
#33 55.90 Get:37 http://deb.debian.org/debian trixie/main amd64 libxfixes3 amd64 1:6.0.0-2+b4 [20.2 kB]
#33 55.97 Get:38 http://deb.debian.org/debian trixie/main amd64 libva-x11-2 amd64 2.22.0-3 [23.1 kB]
#33 56.03 Get:39 http://deb.debian.org/debian trixie/main amd64 libvdpau1 amd64 1.5-3+b1 [27.2 kB]
#33 56.08 Get:40 http://deb.debian.org/debian trixie/main amd64 libvpl2 amd64 1:2.14.0-1+b1 [129 kB]
#33 56.58 Get:41 http://deb.debian.org/debian trixie/main amd64 ocl-icd-libopencl1 amd64 2.3.3-1 [42.9 kB]
#33 56.66 Get:42 http://deb.debian.org/debian trixie/main amd64 libavutil59 amd64 7:7.1.5-0+deb13u1 [425 kB]
#33 ...

#34 [text  2/10] RUN apt-get update && apt-get install -y --no-install-recommends build-essential && rm -rf /var/lib/apt/lists/*
#34 49.30 Get:3 http://deb.debian.org/debian trixie/main amd64 libgdbm-compat4t64 amd64 1.24-2 [50.3 kB]
#34 49.34 Get:4 http://deb.debian.org/debian trixie/main amd64 libperl5.40 amd64 5.40.1-6+deb13u1 [4326 kB]
#34 ...

#33 [media  2/12] RUN apt-get update && apt-get install -y --no-install-recommends ca-certificates curl ffmpeg       tesseract-ocr tesseract-ocr-eng tesseract-ocr-fra tesseract-ocr-ara  && rm -rf /var/lib/apt/lists/*
#33 59.51 Get:43 http://deb.debian.org/debian-security trixie-security/main amd64 libpng16-16t64 amd64 1.6.48-1+deb13u6 [283 kB]
#33 ...

#31 [tests stage-1 5/6] RUN pip install --no-cache-dir -r /tmp/requirements-dev.txt
#31 49.73    ΓöüΓöüΓöüΓöüΓöüΓöüΓöüΓöüΓöüΓöüΓöüΓöüΓöüΓöüΓöüΓöüΓöüΓöüΓöüΓöüΓöüΓöüΓöüΓöüΓöüΓöüΓöüΓöüΓöüΓöüΓöüΓöüΓöüΓöüΓöüΓöüΓöüΓöüΓöüΓöü 6.9/6.9 MB 292.1 kB/s eta 0:00:00
#31 49.95 Downloading httpcore-1.0.9-py3-none-any.whl (78 kB)
#31 50.95 Downloading psycopg_binary-3.3.6-cp312-cp312-manylinux2014_x86_64.manylinux_2_17_x86_64.whl (5.2 MB)
#31 ...

#33 [media  2/12] RUN apt-get update && apt-get install -y --no-install-recommends ca-certificates curl ffmpeg       tesseract-ocr tesseract-ocr-eng tesseract-ocr-fra tesseract-ocr-ara  && rm -rf /var/lib/apt/lists/*
#33 62.68 Get:44 http://deb.debian.org/debian trixie/main amd64 libfreetype6 amd64 2.13.3+dfsg-1+deb13u1 [452 kB]
#33 66.61 Get:45 http://deb.debian.org/debian trixie/main amd64 fonts-dejavu-mono all 2.37-8 [489 kB]
#33 ...

#34 [text  2/10] RUN apt-get update && apt-get install -y --no-install-recommends build-essential && rm -rf /var/lib/apt/lists/*
#34 70.01 Get:5 http://deb.debian.org/debian trixie/main amd64 perl amd64 5.40.1-6+deb13u1 [268 kB]
#34 77.62 Get:6 http://deb.debian.org/debian trixie/main amd64 xz-utils amd64 5.8.1-1+deb13u1 [659 kB]
#34 ...

#33 [media  2/12] RUN apt-get update && apt-get install -y --no-install-recommends ca-certificates curl ffmpeg       tesseract-ocr tesseract-ocr-eng tesseract-ocr-fra tesseract-ocr-ara  && rm -rf /var/lib/apt/lists/*
#33 77.84 Get:46 http://deb.debian.org/debian trixie/main amd64 fonts-dejavu-core all 2.37-8 [840 kB]
#33 ...

#34 [text  2/10] RUN apt-get update && apt-get install -y --no-install-recommends build-essential && rm -rf /var/lib/apt/lists/*
#34 78.93 Get:7 http://deb.debian.org/debian trixie/main amd64 libsframe1 amd64 2.44-3 [78.4 kB]
#34 78.99 Get:8 http://deb.debian.org/debian trixie/main amd64 binutils-common amd64 2.44-3 [2509 kB]
#34 83.63 Get:9 http://deb.debian.org/debian trixie/main amd64 libbinutils amd64 2.44-3 [534 kB]
#34 84.47 Get:10 http://deb.debian.org/debian trixie/main amd64 libgprofng0 amd64 2.44-3 [808 kB]
#34 86.21 Get:11 http://deb.debian.org/debian trixie/main amd64 libctf-nobfd0 amd64 2.44-3 [156 kB]
#34 86.98 Get:12 http://deb.debian.org/debian trixie/main amd64 libctf0 amd64 2.44-3 [88.6 kB]
#34 87.18 Get:13 http://deb.debian.org/debian trixie/main amd64 libjansson4 amd64 2.14-2+b3 [39.8 kB]
#34 87.26 Get:14 http://deb.debian.org/debian trixie/main amd64 binutils-x86-64-linux-gnu amd64 2.44-3 [1014 kB]
#34 ...

#33 [media  2/12] RUN apt-get update && apt-get install -y --no-install-recommends ca-certificates curl ffmpeg       tesseract-ocr tesseract-ocr-eng tesseract-ocr-fra tesseract-ocr-ara  && rm -rf /var/lib/apt/lists/*
#33 88.00 Get:47 http://deb.debian.org/debian trixie/main amd64 fontconfig-config amd64 2.15.0-2.3 [318 kB]
#33 89.14 Get:48 http://deb.debian.org/debian trixie/main amd64 libfontconfig1 amd64 2.15.0-2.3 [392 kB]
#33 92.44 Get:49 http://deb.debian.org/debian trixie/main amd64 libpixman-1-0 amd64 0.44.0-3 [248 kB]
#33 ...

#31 [tests stage-1 5/6] RUN pip install --no-cache-dir -r /tmp/requirements-dev.txt
#31 88.34    ΓöüΓöüΓöüΓöüΓöüΓöüΓöüΓöüΓöüΓöüΓöüΓöüΓöüΓöüΓöüΓöüΓöüΓöüΓöüΓöüΓöüΓöüΓöüΓöüΓöüΓöüΓöüΓöüΓöüΓöüΓöüΓöüΓöüΓöüΓöüΓöüΓöüΓöüΓöüΓöü 5.2/5.2 MB 98.6 kB/s eta 0:00:00
#31 88.41 Downloading attrs-26.1.0-py3-none-any.whl (67 kB)
#31 88.80 Downloading iniconfig-2.3.0-py3-none-any.whl (7.5 kB)
#31 88.88 Downloading jsonschema_path-0.5.0-py3-none-any.whl (24 kB)
#31 89.07 Downloading jsonschema_specifications-2025.9.1-py3-none-any.whl (18 kB)
#31 89.33 Downloading lazy_object_proxy-1.12.0-cp312-cp312-manylinux1_x86_64.manylinux_2_28_x86_64.manylinux_2_5_x86_64.whl (71 kB)
#31 90.08 Downloading openapi_schema_validator-0.9.0-py3-none-any.whl (19 kB)
#31 90.91 Downloading packaging-26.3-py3-none-any.whl (129 kB)
#31 ...

#33 [media  2/12] RUN apt-get update && apt-get install -y --no-install-recommends ca-certificates curl ffmpeg       tesseract-ocr tesseract-ocr-eng tesseract-ocr-fra tesseract-ocr-ara  && rm -rf /var/lib/apt/lists/*
#33 94.71 Get:50 http://deb.debian.org/debian trixie/main amd64 libxcb-render0 amd64 1.17.0-2+b1 [115 kB]
#33 94.71 Get:51 http://deb.debian.org/debian trixie/main amd64 libxcb-shm0 amd64 1.17.0-2+b1 [105 kB]
#33 95.36 Get:52 http://deb.debian.org/debian trixie/main amd64 libxrender1 amd64 1:0.9.12-1 [27.9 kB]
#33 95.39 Get:53 http://deb.debian.org/debian trixie/main amd64 libcairo2 amd64 1.18.4-1+b1 [538 kB]
#33 97.81 Get:54 http://deb.debian.org/debian trixie/main amd64 libcodec2-1.2 amd64 1.2.0-3 [8170 kB]
#33 ...

#34 [text  2/10] RUN apt-get update && apt-get install -y --no-install-recommends build-essential && rm -rf /var/lib/apt/lists/*
#34 89.04 Get:15 http://deb.debian.org/debian trixie/main amd64 binutils amd64 2.44-3 [265 kB]
#34 89.46 Get:16 http://deb.debian.org/debian trixie/main amd64 libc-dev-bin amd64 2.41-12+deb13u4 [60.0 kB]
#34 89.51 Get:17 http://deb.debian.org/debian-security trixie-security/main amd64 linux-libc-dev all 6.12.111-1 [2988 kB]
#34 96.93 Get:18 http://deb.debian.org/debian trixie/main amd64 libcrypt-dev amd64 1:4.4.38-1 [119 kB]
#34 97.08 Get:19 http://deb.debian.org/debian trixie/main amd64 rpcsvc-proto amd64 1.4.3-1 [63.3 kB]
#34 97.18 Get:20 http://deb.debian.org/debian trixie/main amd64 libc6-dev amd64 2.41-12+deb13u4 [1995 kB]
#34 100.7 Get:21 http://deb.debian.org/debian trixie/main amd64 libisl23 amd64 0.27-1 [659 kB]
#34 101.4 Get:22 http://deb.debian.org/debian trixie/main amd64 libmpfr6 amd64 4.2.2-1 [729 kB]
#34 103.0 Get:23 http://deb.debian.org/debian trixie/main amd64 libmpc3 amd64 1.3.1-1+b3 [52.2 kB]
#34 103.0 Get:24 http://deb.debian.org/debian trixie/main amd64 cpp-14-x86-64-linux-gnu amd64 14.2.0-19 [11.0 MB]
#34 ...

#31 [tests stage-1 5/6] RUN pip install --no-cache-dir -r /tmp/requirements-dev.txt
#31 95.31 Downloading pluggy-1.6.0-py3-none-any.whl (20 kB)
#31 98.60 Downloading pydantic-2.13.5-py3-none-any.whl (472 kB)
#31 106.1 Downloading pydantic_core-2.46.5-cp312-cp312-manylinux_2_17_x86_64.manylinux2014_x86_64.whl (2.1 MB)
#31 118.1    ΓöüΓöüΓöüΓöüΓöüΓöüΓöüΓöüΓöüΓöüΓöüΓöüΓöüΓöüΓöüΓöüΓöüΓöüΓöüΓöüΓöüΓöüΓöüΓöüΓöüΓöüΓöüΓöüΓöüΓöüΓöüΓöüΓöüΓöüΓöüΓöüΓöüΓöüΓöüΓöü 2.1/2.1 MB 169.3 kB/s eta 0:00:00
#31 118.1 Downloading pydantic_settings-2.15.0-py3-none-any.whl (69 kB)
#31 118.4 Downloading pygments-2.21.0-py3-none-any.whl (1.3 MB)
#31 133.0    ΓöüΓöüΓöüΓöüΓöüΓöüΓöüΓöüΓöüΓöüΓöüΓöüΓöüΓöüΓöüΓöüΓöüΓöüΓöüΓöüΓöüΓöüΓöüΓöüΓöüΓöüΓöüΓöüΓöüΓöüΓöüΓöüΓöüΓöüΓöüΓöüΓöüΓöüΓöüΓöü 1.3/1.3 MB 77.5 kB/s eta 0:00:00
#31 133.0 Downloading referencing-0.37.0-py3-none-any.whl (26 kB)
#31 133.5 Downloading rpds_py-2026.6.3-cp312-cp312-manylinux_2_17_x86_64.manylinux2014_x86_64.whl (366 kB)
#31 136.3 Downloading typing_extensions-4.16.0-py3-none-any.whl (45 kB)
#31 136.5 Downloading anyio-4.15.1-py3-none-any.whl (132 kB)
#31 137.6 Downloading idna-3.20-py3-none-any.whl (69 kB)
#31 137.9 Downloading certifi-2026.7.22-py3-none-any.whl (136 kB)
#31 139.0 Downloading requests-2.34.2-py3-none-any.whl (73 kB)
#31 139.8 Downloading annotated_types-0.8.0-py3-none-any.whl (13 kB)
#31 140.0 Downloading charset_normalizer-3.5.2-cp312-cp312-manylinux2014_x86_64.manylinux_2_17_x86_64.manylinux_2_28_x86_64.whl (257 kB)
#31 142.5 Downloading h11-0.16.0-py3-none-any.whl (37 kB)
#31 142.7 Downloading pathable-0.6.0-py3-none-any.whl (18 kB)
#31 142.9 Downloading python_dotenv-1.2.4-py3-none-any.whl (23 kB)
#31 143.0 Downloading typing_inspection-0.4.4-py3-none-any.whl (14 kB)
#31 143.1 Downloading urllib3-2.8.0-py3-none-any.whl (135 kB)
#31 144.4 Downloading rfc3339_validator-0.1.4-py2.py3-none-any.whl (3.5 kB)
#31 144.4 Downloading six-1.17.0-py2.py3-none-any.whl (11 kB)
#31 144.7 Installing collected packages: urllib3, typing-extensions, six, rpds-py, PyYAML, python-dotenv, pygments, psycopg-binary, pluggy, pillow, pathable, packaging, lazy-object-proxy, iniconfig, idna, h11, charset_normalizer, certifi, attrs, annotated-types, typing-inspection, rfc3339-validator, requests, referencing, pytest, pydantic-core, psycopg, httpcore, anyio, pydantic, jsonschema-specifications, jsonschema-path, httpx, detect-secrets, pydantic-settings, jsonschema, openapi-schema-validator, openapi-spec-validator
#31 147.3 Successfully installed PyYAML-6.0.3 annotated-types-0.8.0 anyio-4.15.1 attrs-26.1.0 certifi-2026.7.22 charset_normalizer-3.5.2 detect-secrets-1.5.0 h11-0.16.0 httpcore-1.0.9 httpx-0.28.1 idna-3.20 iniconfig-2.3.0 jsonschema-4.26.0 jsonschema-path-0.5.0 jsonschema-specifications-2025.9.1 lazy-object-proxy-1.12.0 openapi-schema-validator-0.9.0 openapi-spec-validator-0.9.0 packaging-26.3 pathable-0.6.0 pillow-12.3.0 pluggy-1.6.0 psycopg-3.3.6 psycopg-binary-3.3.6 pydantic-2.13.5 pydantic-core-2.46.5 pydantic-settings-2.15.0 pygments-2.21.0 pytest-9.1.1 python-dotenv-1.2.4 referencing-0.37.0 requests-2.34.2 rfc3339-validator-0.1.4 rpds-py-2026.6.3 six-1.17.0 typing-extensions-4.16.0 typing-inspection-0.4.4 urllib3-2.8.0
#31 147.3 WARNING: Running pip as the 'root' user can result in broken permissions and conflicting behaviour with the system package manager, possibly rendering your system unusable. It is recommended to use a virtual environment instead: https://pip.pypa.io/warnings/venv. Use the --root-user-action option if you know what you are doing and want to suppress this warning.
#31 149.1 
#31 149.1 [notice] A new release of pip is available: 25.0.1 -> 26.2.1
#31 149.1 [notice] To update, run: pip install --upgrade pip
#31 DONE 150.9s

#33 [media  2/12] RUN apt-get update && apt-get install -y --no-install-recommends ca-certificates curl ffmpeg       tesseract-ocr tesseract-ocr-eng tesseract-ocr-fra tesseract-ocr-ara  && rm -rf /var/lib/apt/lists/*
#33 ...

#35 [tests stage-1 6/6] WORKDIR /flatshare
#35 DONE 0.2s

#33 [media  2/12] RUN apt-get update && apt-get install -y --no-install-recommends ca-certificates curl ffmpeg       tesseract-ocr tesseract-ocr-eng tesseract-ocr-fra tesseract-ocr-ara  && rm -rf /var/lib/apt/lists/*
#33 ...

#36 [tests] exporting to image
#36 exporting layers
#36 exporting layers 3.2s done
#36 exporting manifest sha256:a8512207248844396b8f59a6c907f582e0d68e4a8f5b96f4afe4a08155c742fd done
#36 exporting config sha256:f0f6746c28c78219362d21a28de53c200d5a0ed538573de30a4afafb42677aeb done
#36 exporting attestation manifest sha256:4f7a1d9a46ff9d10e86f4695946ed290162cc8190a7ff4a9623746eb91affdeb 0.0s done
#36 exporting manifest list sha256:ee690ce0912422f86ad1f017278abec91e23cda6b9552b247fe7bff93a4f537a done
#36 naming to docker.io/flatshare/tests:py3.12.14-p4 0.0s done
#36 unpacking to docker.io/flatshare/tests:py3.12.14-p4
#36 unpacking to docker.io/flatshare/tests:py3.12.14-p4 0.8s done
#36 DONE 4.1s

#37 [tests] resolving provenance for metadata file
#37 DONE 0.0s

#33 [media  2/12] RUN apt-get update && apt-get install -y --no-install-recommends ca-certificates curl ffmpeg       tesseract-ocr tesseract-ocr-eng tesseract-ocr-fra tesseract-ocr-ara  && rm -rf /var/lib/apt/lists/*
#33 166.1 Get:55 http://deb.debian.org/debian trixie/main amd64 libdav1d7 amd64 1.5.1-1 [559 kB]
#33 167.8 Get:56 http://deb.debian.org/debian trixie/main amd64 libatomic1 amd64 14.2.0-19 [9308 B]
#33 167.8 Get:57 http://deb.debian.org/debian trixie/main amd64 libglib2.0-0t64 amd64 2.84.4-3~deb13u5 [1521 kB]
#33 173.6 Get:58 http://deb.debian.org/debian trixie/main amd64 libgsm1 amd64 1.0.22-1+b2 [29.3 kB]
#33 173.7 Get:59 http://deb.debian.org/debian trixie/main amd64 libhwy1t64 amd64 1.2.0-2+b2 [676 kB]
#33 176.2 Get:60 http://deb.debian.org/debian trixie/main amd64 liblcms2-2 amd64 2.16-2+deb13u2 [160 kB]
#33 176.5 Get:61 http://deb.debian.org/debian trixie/main amd64 libjxl0.11 amd64 0.11.2-0.1~deb13u2 [1133 kB]
#33 182.5 Get:62 http://deb.debian.org/debian trixie/main amd64 libmp3lame0 amd64 3.100-6+b3 [363 kB]
#33 ...

#34 [text  2/10] RUN apt-get update && apt-get install -y --no-install-recommends build-essential && rm -rf /var/lib/apt/lists/*
#34 183.9 Get:25 http://deb.debian.org/debian trixie/main amd64 cpp-14 amd64 14.2.0-19 [1280 B]
#34 183.9 Get:26 http://deb.debian.org/debian trixie/main amd64 cpp-x86-64-linux-gnu amd64 4:14.2.0-1 [4840 B]
#34 183.9 Get:27 http://deb.debian.org/debian trixie/main amd64 cpp amd64 4:14.2.0-1 [1568 B]
#34 184.0 Get:28 http://deb.debian.org/debian trixie/main amd64 libcc1-0 amd64 14.2.0-19 [42.8 kB]
#34 184.2 Get:29 http://deb.debian.org/debian trixie/main amd64 libgomp1 amd64 14.2.0-19 [137 kB]
#34 186.8 Get:30 http://deb.debian.org/debian trixie/main amd64 libitm1 amd64 14.2.0-19 [26.0 kB]
#34 186.8 Get:31 http://deb.debian.org/debian trixie/main amd64 libatomic1 amd64 14.2.0-19 [9308 B]
#34 186.8 Get:32 http://deb.debian.org/debian trixie/main amd64 libasan8 amd64 14.2.0-19 [2725 kB]
#34 ...

#33 [media  2/12] RUN apt-get update && apt-get install -y --no-install-recommends ca-certificates curl ffmpeg       tesseract-ocr tesseract-ocr-eng tesseract-ocr-fra tesseract-ocr-ara  && rm -rf /var/lib/apt/lists/*
#33 184.7 Get:63 http://deb.debian.org/debian trixie/main amd64 libopenjp2-7 amd64 2.5.3-2.1~deb13u2 [205 kB]
#33 188.1 Get:64 http://deb.debian.org/debian trixie/main amd64 libopus0 amd64 1.5.2-2 [2852 kB]
#33 198.9 Get:65 http://deb.debian.org/debian trixie/main amd64 librav1e0.7 amd64 0.7.1-9+b2 [946 kB]
#33 ...

#34 [text  2/10] RUN apt-get update && apt-get install -y --no-install-recommends build-essential && rm -rf /var/lib/apt/lists/*
#34 199.9 Get:33 http://deb.debian.org/debian trixie/main amd64 liblsan0 amd64 14.2.0-19 [1204 kB]
#34 ...

#33 [media  2/12] RUN apt-get update && apt-get install -y --no-install-recommends ca-certificates curl ffmpeg       tesseract-ocr tesseract-ocr-eng tesseract-ocr-fra tesseract-ocr-ara  && rm -rf /var/lib/apt/lists/*
#33 203.2 Get:66 http://deb.debian.org/debian trixie/main amd64 libcairo-gobject2 amd64 1.18.4-1+b1 [130 kB]
#33 203.5 Get:67 http://deb.debian.org/debian trixie/main amd64 libgdk-pixbuf2.0-common all 2.42.12+dfsg-4+deb13u1 [312 kB]
#33 205.4 Get:68 http://deb.debian.org/debian trixie/main amd64 libxml2 amd64 2.12.7+dfsg+really2.9.14-2.1+deb13u3 [700 kB]
#33 207.6 Get:69 http://deb.debian.org/debian trixie/main amd64 shared-mime-info amd64 2.4-5+b2 [760 kB]
#33 210.3 Get:70 http://deb.debian.org/debian trixie/main amd64 libjpeg62-turbo amd64 1:2.1.5-4 [168 kB]
#33 210.9 Get:71 http://deb.debian.org/debian trixie/main amd64 libdeflate0 amd64 1.23-2 [47.3 kB]
#33 211.0 Get:72 http://deb.debian.org/debian trixie/main amd64 libjbig0 amd64 2.1-6.1+b2 [32.1 kB]
#33 211.1 Get:73 http://deb.debian.org/debian trixie/main amd64 liblerc4 amd64 4.0.0+ds-5 [183 kB]
#33 212.1 Get:74 http://deb.debian.org/debian trixie/main amd64 libsharpyuv0 amd64 1.5.0-0.1 [116 kB]
#33 212.7 Get:75 http://deb.debian.org/debian trixie/main amd64 libwebp7 amd64 1.5.0-0.1 [318 kB]
#33 214.4 Get:76 http://deb.debian.org/debian trixie/main amd64 libtiff6 amd64 4.7.0-3+deb13u3 [345 kB]
#33 ...

#34 [text  2/10] RUN apt-get update && apt-get install -y --no-install-recommends build-essential && rm -rf /var/lib/apt/lists/*
#34 206.5 Get:34 http://deb.debian.org/debian trixie/main amd64 libtsan2 amd64 14.2.0-19 [2460 kB]
#34 213.8 Get:35 http://deb.debian.org/debian trixie/main amd64 libubsan1 amd64 14.2.0-19 [1074 kB]
#34 ...

#33 [media  2/12] RUN apt-get update && apt-get install -y --no-install-recommends ca-certificates curl ffmpeg       tesseract-ocr tesseract-ocr-eng tesseract-ocr-fra tesseract-ocr-ara  && rm -rf /var/lib/apt/lists/*
#33 216.8 Get:77 http://deb.debian.org/debian trixie/main amd64 libgdk-pixbuf-2.0-0 amd64 2.42.12+dfsg-4+deb13u1 [141 kB]
#33 217.6 Get:78 http://deb.debian.org/debian trixie/main amd64 fontconfig amd64 2.15.0-2.3 [463 kB]
#33 220.0 Get:79 http://deb.debian.org/debian trixie/main amd64 libfribidi0 amd64 1.0.16-1 [26.5 kB]
#33 220.1 Get:80 http://deb.debian.org/debian trixie/main amd64 libgraphite2-3 amd64 1.3.14-2+deb13u1 [75.2 kB]
#33 220.6 Get:81 http://deb.debian.org/debian trixie/main amd64 libharfbuzz0b amd64 10.2.0-1+deb13u1 [479 kB]
#33 222.6 Get:82 http://deb.debian.org/debian trixie/main amd64 libthai-data all 0.1.29-2 [168 kB]
#33 222.9 Get:83 http://deb.debian.org/debian trixie/main amd64 libdatrie1 amd64 0.2.13-3+b1 [38.1 kB]
#33 222.9 Get:84 http://deb.debian.org/debian trixie/main amd64 libthai0 amd64 0.1.29-2+b1 [49.4 kB]
#33 223.0 Get:85 http://deb.debian.org/debian trixie/main amd64 libpango-1.0-0 amd64 1.56.3-1 [226 kB]
#33 223.4 Get:86 http://deb.debian.org/debian trixie/main amd64 libpangoft2-1.0-0 amd64 1.56.3-1 [55.6 kB]
#33 223.6 Get:87 http://deb.debian.org/debian trixie/main amd64 libpangocairo-1.0-0 amd64 1.56.3-1 [35.7 kB]
#33 223.6 Get:88 http://deb.debian.org/debian trixie/main amd64 librsvg2-2 amd64 2.60.0+dfsg-1 [1789 kB]
#33 227.7 Get:89 http://deb.debian.org/debian trixie/main amd64 libshine3 amd64 3.1.1-2+b2 [23.1 kB]
#33 227.8 Get:90 http://deb.debian.org/debian trixie/main amd64 libsnappy1v5 amd64 1.2.2-1 [29.3 kB]
#33 227.9 Get:91 http://deb.debian.org/debian trixie/main amd64 libspeex1 amd64 1.2.1-3 [56.8 kB]
#33 228.1 Get:92 http://deb.debian.org/debian trixie/main amd64 libsvtav1enc2 amd64 2.3.0+dfsg-1 [2489 kB]
#33 ...

#34 [text  2/10] RUN apt-get update && apt-get install -y --no-install-recommends build-essential && rm -rf /var/lib/apt/lists/*
#34 218.4 Get:36 http://deb.debian.org/debian trixie/main amd64 libhwasan0 amd64 14.2.0-19 [1488 kB]
#34 223.9 Get:37 http://deb.debian.org/debian trixie/main amd64 libquadmath0 amd64 14.2.0-19 [145 kB]
#34 224.3 Get:38 http://deb.debian.org/debian trixie/main amd64 libgcc-14-dev amd64 14.2.0-19 [2672 kB]
#34 230.6 Get:39 http://deb.debian.org/debian trixie/main amd64 gcc-14-x86-64-linux-gnu amd64 14.2.0-19 [21.4 MB]
#34 ...

#33 [media  2/12] RUN apt-get update && apt-get install -y --no-install-recommends ca-certificates curl ffmpeg       tesseract-ocr tesseract-ocr-eng tesseract-ocr-fra tesseract-ocr-ara  && rm -rf /var/lib/apt/lists/*
#33 233.2 Get:93 http://deb.debian.org/debian trixie/main amd64 libgomp1 amd64 14.2.0-19 [137 kB]
#33 233.8 Get:94 http://deb.debian.org/debian trixie/main amd64 libsoxr0 amd64 0.1.3-4+b2 [81.0 kB]
#33 233.9 Get:95 http://deb.debian.org/debian trixie/main amd64 libswresample5 amd64 7:7.1.5-0+deb13u1 [109 kB]
#33 234.2 Get:96 http://deb.debian.org/debian trixie/main amd64 libtheoradec1 amd64 1.2.0~alpha1+dfsg-6 [58.4 kB]
#33 234.2 Get:97 http://deb.debian.org/debian trixie/main amd64 libogg0 amd64 1.3.5-3+b2 [23.8 kB]
#33 234.3 Get:98 http://deb.debian.org/debian trixie/main amd64 libtheoraenc1 amd64 1.2.0~alpha1+dfsg-6 [108 kB]
#33 234.6 Get:99 http://deb.debian.org/debian trixie/main amd64 libtwolame0 amd64 0.4.0-2+b2 [51.3 kB]
#33 234.7 Get:100 http://deb.debian.org/debian trixie/main amd64 libvorbis0a amd64 1.3.7-3 [90.0 kB]
#33 235.0 Get:101 http://deb.debian.org/debian trixie/main amd64 libvorbisenc2 amd64 1.3.7-3 [75.4 kB]
#33 235.4 Get:102 http://deb.debian.org/debian trixie/main amd64 libvpx9 amd64 1.15.0-2.1+deb13u1 [1115 kB]
#33 237.9 Get:103 http://deb.debian.org/debian trixie/main amd64 libwebpmux3 amd64 1.5.0-0.1 [126 kB]
#33 238.3 Get:104 http://deb.debian.org/debian trixie/main amd64 libx264-164 amd64 2:0.164.3108+git31e19f9-2+b1 [558 kB]
#33 239.3 Get:105 http://deb.debian.org/debian trixie/main amd64 libnuma1 amd64 2.0.19-1 [22.2 kB]
#33 239.4 Get:106 http://deb.debian.org/debian trixie/main amd64 libx265-215 amd64 4.1-2 [1237 kB]
#33 242.5 Get:107 http://deb.debian.org/debian trixie/main amd64 libxvidcore4 amd64 2:1.3.7-1+b2 [252 kB]
#33 242.9 Get:108 http://deb.debian.org/debian trixie/main amd64 libzvbi-common all 0.2.44-1 [71.4 kB]
#33 243.0 Get:109 http://deb.debian.org/debian trixie/main amd64 libzvbi0t64 amd64 0.2.44-1 [278 kB]
#33 243.4 Get:110 http://deb.debian.org/debian trixie/main amd64 libavcodec61 amd64 7:7.1.5-0+deb13u1 [5821 kB]
#33 254.9 Get:111 http://deb.debian.org/debian trixie/main amd64 libasound2-data all 1.2.14-1+deb13u1 [21.2 kB]
#33 255.0 Get:112 http://deb.debian.org/debian trixie/main amd64 libasound2t64 amd64 1.2.14-1+deb13u1 [381 kB]
#33 256.0 Get:113 http://deb.debian.org/debian trixie/main amd64 libraw1394-11 amd64 2.1.2-2+b2 [38.8 kB]
#33 256.1 Get:114 http://deb.debian.org/debian trixie/main amd64 libavc1394-0 amd64 0.5.4-5+b2 [18.2 kB]
#33 256.1 Get:115 http://deb.debian.org/debian trixie/main amd64 libunibreak6 amd64 6.1-3 [21.9 kB]
#33 256.2 Get:116 http://deb.debian.org/debian trixie/main amd64 libass9 amd64 1:0.17.3-1+deb13u1 [114 kB]
#33 256.5 Get:117 http://deb.debian.org/debian trixie/main amd64 libudfread0 amd64 1.1.2-1+b2 [17.7 kB]
#33 256.6 Get:118 http://deb.debian.org/debian trixie/main amd64 libbluray2 amd64 1:1.3.4-1+b2 [138 kB]
#33 256.9 Get:119 http://deb.debian.org/debian trixie/main amd64 libchromaprint1 amd64 1.5.1-7 [42.9 kB]
#33 257.0 Get:120 http://deb.debian.org/debian trixie/main amd64 libdvdread8t64 amd64 6.1.3-2 [86.2 kB]
#33 257.1 Get:121 http://deb.debian.org/debian trixie/main amd64 libdvdnav4 amd64 6.1.1-3+b1 [44.5 kB]
#33 257.2 Get:122 http://deb.debian.org/debian trixie/main amd64 libgme0 amd64 0.6.3-7+b2 [131 kB]
#33 257.4 Get:123 http://deb.debian.org/debian trixie/main amd64 libmpg123-0t64 amd64 1.32.10-1+deb13u1 [149 kB]
#33 257.7 Get:124 http://deb.debian.org/debian trixie/main amd64 libvorbisfile3 amd64 1.3.7-3 [20.9 kB]
#33 257.8 Get:125 http://deb.debian.org/debian trixie/main amd64 libopenmpt0t64 amd64 0.7.13-1+b1 [855 kB]
#33 259.4 Get:126 http://deb.debian.org/debian trixie/main amd64 librabbitmq4 amd64 0.15.0-1+deb13u2 [42.5 kB]
#33 259.4 Get:127 http://deb.debian.org/debian trixie/main amd64 libcjson1 amd64 1.7.18-3.1+deb13u1 [29.8 kB]
#33 259.5 Get:128 http://deb.debian.org/debian trixie/main amd64 libmbedcrypto16 amd64 3.6.6-0.1~deb13u1 [365 kB]
#33 260.1 Get:129 http://deb.debian.org/debian trixie/main amd64 librist4 amd64 0.2.11+dfsg-1 [72.1 kB]
#33 260.3 Get:130 http://deb.debian.org/debian trixie/main amd64 libsrt1.5-gnutls amd64 1.5.4-1+deb13u1 [348 kB]
#33 261.0 Get:131 http://deb.debian.org/debian trixie/main amd64 libssh-4 amd64 0.11.5-0+deb13u1 [212 kB]
#33 261.4 Get:132 http://deb.debian.org/debian trixie/main amd64 libnorm1t64 amd64 1.5.9+dfsg-3.1+b2 [221 kB]
#33 262.0 Get:133 http://deb.debian.org/debian trixie/main amd64 libpgm-5.3-0t64 amd64 5.3.128~dfsg-2.1+b1 [162 kB]
#33 262.5 Get:134 http://deb.debian.org/debian trixie/main amd64 libsodium23 amd64 1.0.18-1+deb13u1 [165 kB]
#33 262.7 Get:135 http://deb.debian.org/debian trixie/main amd64 libzmq5 amd64 4.3.5-1+b3 [283 kB]
#33 263.6 Get:136 http://deb.debian.org/debian trixie/main amd64 libavformat61 amd64 7:7.1.5-0+deb13u1 [1203 kB]
#33 266.2 Get:137 http://deb.debian.org/debian trixie/main amd64 libbs2b0 amd64 3.1.0+dfsg-8+b1 [12.5 kB]
#33 266.2 Get:138 http://deb.debian.org/debian trixie/main amd64 libflite1 amd64 2.2-7 [12.8 MB]
#33 ...

#34 [text  2/10] RUN apt-get update && apt-get install -y --no-install-recommends build-essential && rm -rf /var/lib/apt/lists/*
#34 275.8 Get:40 http://deb.debian.org/debian trixie/main amd64 gcc-14 amd64 14.2.0-19 [540 kB]
#34 276.8 Get:41 http://deb.debian.org/debian trixie/main amd64 gcc-x86-64-linux-gnu amd64 4:14.2.0-1 [1436 B]
#34 276.8 Get:42 http://deb.debian.org/debian trixie/main amd64 gcc amd64 4:14.2.0-1 [5136 B]
#34 276.8 Get:43 http://deb.debian.org/debian trixie/main amd64 libstdc++-14-dev amd64 14.2.0-19 [2376 kB]
#34 281.2 Get:44 http://deb.debian.org/debian trixie/main amd64 g++-14-x86-64-linux-gnu amd64 14.2.0-19 [12.1 MB]
#34 ...

#33 [media  2/12] RUN apt-get update && apt-get install -y --no-install-recommends ca-certificates curl ffmpeg       tesseract-ocr tesseract-ocr-eng tesseract-ocr-fra tesseract-ocr-ara  && rm -rf /var/lib/apt/lists/*
#33 295.3 Get:139 http://deb.debian.org/debian trixie/main amd64 libserd-0-0 amd64 0.32.4-1 [47.0 kB]
#33 295.4 Get:140 http://deb.debian.org/debian trixie/main amd64 libzix-0-0 amd64 0.6.2-1 [23.1 kB]
#33 295.4 Get:141 http://deb.debian.org/debian trixie/main amd64 libsord-0-0 amd64 0.16.18-1 [18.0 kB]
#33 295.5 Get:142 http://deb.debian.org/debian trixie/main amd64 libsratom-0-0 amd64 0.6.18-1 [17.7 kB]
#33 295.6 Get:143 http://deb.debian.org/debian trixie/main amd64 liblilv-0-0 amd64 0.24.26-1 [43.5 kB]
#33 295.7 Get:144 http://deb.debian.org/debian trixie/main amd64 libmysofa1 amd64 1.3.3+dfsg-1 [1158 kB]
#33 300.7 Get:145 http://deb.debian.org/debian trixie/main amd64 libvulkan1 amd64 1.4.309.0-1 [130 kB]
#33 301.8 Get:146 http://deb.debian.org/debian trixie/main amd64 libplacebo349 amd64 7.349.0-3 [2542 kB]
#33 310.5 Get:147 http://deb.debian.org/debian trixie/main amd64 libblas3 amd64 3.12.1-6 [160 kB]
#33 310.9 Get:148 http://deb.debian.org/debian trixie/main amd64 libgfortran5 amd64 14.2.0-19 [836 kB]
#33 ...

#34 [text  2/10] RUN apt-get update && apt-get install -y --no-install-recommends build-essential && rm -rf /var/lib/apt/lists/*
#34 312.7 Get:45 http://deb.debian.org/debian trixie/main amd64 g++-14 amd64 14.2.0-19 [22.5 kB]
#34 312.8 Get:46 http://deb.debian.org/debian trixie/main amd64 g++-x86-64-linux-gnu amd64 4:14.2.0-1 [1200 B]
#34 312.8 Get:47 http://deb.debian.org/debian trixie/main amd64 g++ amd64 4:14.2.0-1 [1344 B]
#34 312.8 Get:48 http://deb.debian.org/debian trixie/main amd64 make amd64 4.4.1-2 [463 kB]
#34 314.1 Get:49 http://deb.debian.org/debian trixie/main amd64 libdpkg-perl all 1.22.22 [651 kB]
#34 315.3 Get:50 http://deb.debian.org/debian trixie/main amd64 patch amd64 2.8-2 [134 kB]
#34 315.5 Get:51 http://deb.debian.org/debian trixie/main amd64 dpkg-dev all 1.22.22 [1337 kB]
#34 317.7 Get:52 http://deb.debian.org/debian trixie/main amd64 build-essential amd64 12.12 [4624 B]
#34 318.0 debconf: unable to initialize frontend: Dialog
#34 318.0 debconf: (TERM is not set, so the dialog frontend is not usable.)
#34 318.0 debconf: falling back to frontend: Readline
#34 318.0 debconf: unable to initialize frontend: Readline
#34 318.0 debconf: (Can't locate Term/ReadLine.pm in @INC (you may need to install the Term::ReadLine module) (@INC entries checked: /etc/perl /usr/local/lib/x86_64-linux-gnu/perl/5.40.1 /usr/local/share/perl/5.40.1 /usr/lib/x86_64-linux-gnu/perl5/5.40 /usr/share/perl5 /usr/lib/x86_64-linux-gnu/perl-base /usr/lib/x86_64-linux-gnu/perl/5.40 /usr/share/perl/5.40 /usr/local/lib/site_perl) at /usr/share/perl5/Debconf/FrontEnd/Readline.pm line 8, <STDIN> line 52.)
#34 318.0 debconf: falling back to frontend: Teletype
#34 318.0 debconf: unable to initialize frontend: Teletype
#34 318.0 debconf: (This frontend requires a controlling tty.)
#34 318.0 debconf: falling back to frontend: Noninteractive
#34 319.0 Fetched 82.6 MB in 4min 33s (302 kB/s)
#34 319.0 Selecting previously unselected package bzip2.
#34 319.0 (Reading database ... 
(Reading database ... 5%
(Reading database ... 10%
(Reading database ... 15%
(Reading database ... 20%
(Reading database ... 25%
(Reading database ... 30%
(Reading database ... 35%
(Reading database ... 40%
(Reading database ... 45%
(Reading database ... 50%
(Reading database ... 55%
(Reading database ... 60%
(Reading database ... 65%
(Reading database ... 70%
(Reading database ... 75%
(Reading database ... 80%
(Reading database ... 85%
(Reading database ... 90%
(Reading database ... 95%
(Reading database ... 100%
(Reading database ... 5660 files and directories currently installed.)
#34 319.0 Preparing to unpack .../00-bzip2_1.0.8-6_amd64.deb ...
#34 319.0 Unpacking bzip2 (1.0.8-6) ...
#34 319.1 Selecting previously unselected package perl-modules-5.40.
#34 319.1 Preparing to unpack .../01-perl-modules-5.40_5.40.1-6+deb13u1_all.deb ...
#34 319.1 Unpacking perl-modules-5.40 (5.40.1-6+deb13u1) ...
#34 319.4 Selecting previously unselected package libgdbm-compat4t64:amd64.
#34 319.4 Preparing to unpack .../02-libgdbm-compat4t64_1.24-2_amd64.deb ...
#34 319.4 Unpacking libgdbm-compat4t64:amd64 (1.24-2) ...
#34 319.4 Selecting previously unselected package libperl5.40:amd64.
#34 319.4 Preparing to unpack .../03-libperl5.40_5.40.1-6+deb13u1_amd64.deb ...
#34 319.4 Unpacking libperl5.40:amd64 (5.40.1-6+deb13u1) ...
#34 319.6 Selecting previously unselected package perl.
#34 319.6 Preparing to unpack .../04-perl_5.40.1-6+deb13u1_amd64.deb ...
#34 319.6 Unpacking perl (5.40.1-6+deb13u1) ...
#34 319.6 Selecting previously unselected package xz-utils.
#34 319.6 Preparing to unpack .../05-xz-utils_5.8.1-1+deb13u1_amd64.deb ...
#34 319.6 Unpacking xz-utils (5.8.1-1+deb13u1) ...
#34 319.7 Selecting previously unselected package libsframe1:amd64.
#34 319.7 Preparing to unpack .../06-libsframe1_2.44-3_amd64.deb ...
#34 319.7 Unpacking libsframe1:amd64 (2.44-3) ...
#34 319.7 Selecting previously unselected package binutils-common:amd64.
#34 319.7 Preparing to unpack .../07-binutils-common_2.44-3_amd64.deb ...
#34 319.7 Unpacking binutils-common:amd64 (2.44-3) ...
#34 319.8 Selecting previously unselected package libbinutils:amd64.
#34 319.8 Preparing to unpack .../08-libbinutils_2.44-3_amd64.deb ...
#34 319.8 Unpacking libbinutils:amd64 (2.44-3) ...
#34 319.9 Selecting previously unselected package libgprofng0:amd64.
#34 319.9 Preparing to unpack .../09-libgprofng0_2.44-3_amd64.deb ...
#34 319.9 Unpacking libgprofng0:amd64 (2.44-3) ...
#34 319.9 Selecting previously unselected package libctf-nobfd0:amd64.
#34 319.9 Preparing to unpack .../10-libctf-nobfd0_2.44-3_amd64.deb ...
#34 319.9 Unpacking libctf-nobfd0:amd64 (2.44-3) ...
#34 320.0 Selecting previously unselected package libctf0:amd64.
#34 320.0 Preparing to unpack .../11-libctf0_2.44-3_amd64.deb ...
#34 320.0 Unpacking libctf0:amd64 (2.44-3) ...
#34 320.0 Selecting previously unselected package libjansson4:amd64.
#34 320.0 Preparing to unpack .../12-libjansson4_2.14-2+b3_amd64.deb ...
#34 320.0 Unpacking libjansson4:amd64 (2.14-2+b3) ...
#34 320.0 Selecting previously unselected package binutils-x86-64-linux-gnu.
#34 320.0 Preparing to unpack .../13-binutils-x86-64-linux-gnu_2.44-3_amd64.deb ...
#34 320.0 Unpacking binutils-x86-64-linux-gnu (2.44-3) ...
#34 320.1 Selecting previously unselected package binutils.
#34 320.1 Preparing to unpack .../14-binutils_2.44-3_amd64.deb ...
#34 320.1 Unpacking binutils (2.44-3) ...
#34 320.1 Selecting previously unselected package libc-dev-bin.
#34 320.1 Preparing to unpack .../15-libc-dev-bin_2.41-12+deb13u4_amd64.deb ...
#34 320.1 Unpacking libc-dev-bin (2.41-12+deb13u4) ...
#34 320.1 Selecting previously unselected package linux-libc-dev.
#34 320.1 Preparing to unpack .../16-linux-libc-dev_6.12.111-1_all.deb ...
#34 320.1 Unpacking linux-libc-dev (6.12.111-1) ...
#34 320.3 Selecting previously unselected package libcrypt-dev:amd64.
#34 320.3 Preparing to unpack .../17-libcrypt-dev_1%3a4.4.38-1_amd64.deb ...
#34 320.3 Unpacking libcrypt-dev:amd64 (1:4.4.38-1) ...
#34 320.4 Selecting previously unselected package rpcsvc-proto.
#34 320.4 Preparing to unpack .../18-rpcsvc-proto_1.4.3-1_amd64.deb ...
#34 320.4 Unpacking rpcsvc-proto (1.4.3-1) ...
#34 320.4 Selecting previously unselected package libc6-dev:amd64.
#34 320.4 Preparing to unpack .../19-libc6-dev_2.41-12+deb13u4_amd64.deb ...
#34 320.4 Unpacking libc6-dev:amd64 (2.41-12+deb13u4) ...
#34 320.5 Selecting previously unselected package libisl23:amd64.
#34 320.5 Preparing to unpack .../20-libisl23_0.27-1_amd64.deb ...
#34 320.5 Unpacking libisl23:amd64 (0.27-1) ...
#34 320.6 Selecting previously unselected package libmpfr6:amd64.
#34 320.6 Preparing to unpack .../21-libmpfr6_4.2.2-1_amd64.deb ...
#34 320.6 Unpacking libmpfr6:amd64 (4.2.2-1) ...
#34 320.6 Selecting previously unselected package libmpc3:amd64.
#34 320.6 Preparing to unpack .../22-libmpc3_1.3.1-1+b3_amd64.deb ...
#34 320.6 Unpacking libmpc3:amd64 (1.3.1-1+b3) ...
#34 320.6 Selecting previously unselected package cpp-14-x86-64-linux-gnu.
#34 320.6 Preparing to unpack .../23-cpp-14-x86-64-linux-gnu_14.2.0-19_amd64.deb ...
#34 320.6 Unpacking cpp-14-x86-64-linux-gnu (14.2.0-19) ...
#34 321.0 Selecting previously unselected package cpp-14.
#34 321.0 Preparing to unpack .../24-cpp-14_14.2.0-19_amd64.deb ...
#34 321.0 Unpacking cpp-14 (14.2.0-19) ...
#34 321.0 Selecting previously unselected package cpp-x86-64-linux-gnu.
#34 321.0 Preparing to unpack .../25-cpp-x86-64-linux-gnu_4%3a14.2.0-1_amd64.deb ...
#34 321.0 Unpacking cpp-x86-64-linux-gnu (4:14.2.0-1) ...
#34 321.1 Selecting previously unselected package cpp.
#34 321.1 Preparing to unpack .../26-cpp_4%3a14.2.0-1_amd64.deb ...
#34 321.1 Unpacking cpp (4:14.2.0-1) ...
#34 321.1 Selecting previously unselected package libcc1-0:amd64.
#34 321.1 Preparing to unpack .../27-libcc1-0_14.2.0-19_amd64.deb ...
#34 321.1 Unpacking libcc1-0:amd64 (14.2.0-19) ...
#34 321.1 Selecting previously unselected package libgomp1:amd64.
#34 321.1 Preparing to unpack .../28-libgomp1_14.2.0-19_amd64.deb ...
#34 321.1 Unpacking libgomp1:amd64 (14.2.0-19) ...
#34 321.2 Selecting previously unselected package libitm1:amd64.
#34 321.2 Preparing to unpack .../29-libitm1_14.2.0-19_amd64.deb ...
#34 321.2 Unpacking libitm1:amd64 (14.2.0-19) ...
#34 321.2 Selecting previously unselected package libatomic1:amd64.
#34 321.2 Preparing to unpack .../30-libatomic1_14.2.0-19_amd64.deb ...
#34 321.2 Unpacking libatomic1:amd64 (14.2.0-19) ...
#34 321.2 Selecting previously unselected package libasan8:amd64.
#34 321.2 Preparing to unpack .../31-libasan8_14.2.0-19_amd64.deb ...
#34 321.2 Unpacking libasan8:amd64 (14.2.0-19) ...
#34 321.3 Selecting previously unselected package liblsan0:amd64.
#34 321.3 Preparing to unpack .../32-liblsan0_14.2.0-19_amd64.deb ...
#34 321.3 Unpacking liblsan0:amd64 (14.2.0-19) ...
#34 321.4 Selecting previously unselected package libtsan2:amd64.
#34 321.4 Preparing to unpack .../33-libtsan2_14.2.0-19_amd64.deb ...
#34 321.4 Unpacking libtsan2:amd64 (14.2.0-19) ...
#34 321.6 Selecting previously unselected package libubsan1:amd64.
#34 321.6 Preparing to unpack .../34-libubsan1_14.2.0-19_amd64.deb ...
#34 321.6 Unpacking libubsan1:amd64 (14.2.0-19) ...
#34 321.6 Selecting previously unselected package libhwasan0:amd64.
#34 321.6 Preparing to unpack .../35-libhwasan0_14.2.0-19_amd64.deb ...
#34 321.6 Unpacking libhwasan0:amd64 (14.2.0-19) ...
#34 321.7 Selecting previously unselected package libquadmath0:amd64.
#34 321.7 Preparing to unpack .../36-libquadmath0_14.2.0-19_amd64.deb ...
#34 321.7 Unpacking libquadmath0:amd64 (14.2.0-19) ...
#34 321.8 Selecting previously unselected package libgcc-14-dev:amd64.
#34 321.8 Preparing to unpack .../37-libgcc-14-dev_14.2.0-19_amd64.deb ...
#34 321.8 Unpacking libgcc-14-dev:amd64 (14.2.0-19) ...
#34 321.9 Selecting previously unselected package gcc-14-x86-64-linux-gnu.
#34 321.9 Preparing to unpack .../38-gcc-14-x86-64-linux-gnu_14.2.0-19_amd64.deb ...
#34 321.9 Unpacking gcc-14-x86-64-linux-gnu (14.2.0-19) ...
#34 322.5 Selecting previously unselected package gcc-14.
#34 322.5 Preparing to unpack .../39-gcc-14_14.2.0-19_amd64.deb ...
#34 322.5 Unpacking gcc-14 (14.2.0-19) ...
#34 322.5 Selecting previously unselected package gcc-x86-64-linux-gnu.
#34 322.5 Preparing to unpack .../40-gcc-x86-64-linux-gnu_4%3a14.2.0-1_amd64.deb ...
#34 322.5 Unpacking gcc-x86-64-linux-gnu (4:14.2.0-1) ...
#34 322.5 Selecting previously unselected package gcc.
#34 322.5 Preparing to unpack .../41-gcc_4%3a14.2.0-1_amd64.deb ...
#34 322.5 Unpacking gcc (4:14.2.0-1) ...
#34 322.6 Selecting previously unselected package libstdc++-14-dev:amd64.
#34 322.6 Preparing to unpack .../42-libstdc++-14-dev_14.2.0-19_amd64.deb ...
#34 322.6 Unpacking libstdc++-14-dev:amd64 (14.2.0-19) ...
#34 322.7 Selecting previously unselected package g++-14-x86-64-linux-gnu.
#34 322.7 Preparing to unpack .../43-g++-14-x86-64-linux-gnu_14.2.0-19_amd64.deb ...
#34 322.7 Unpacking g++-14-x86-64-linux-gnu (14.2.0-19) ...
#34 ...

#33 [media  2/12] RUN apt-get update && apt-get install -y --no-install-recommends ca-certificates curl ffmpeg       tesseract-ocr tesseract-ocr-eng tesseract-ocr-fra tesseract-ocr-ara  && rm -rf /var/lib/apt/lists/*
#33 312.8 Get:149 http://deb.debian.org/debian trixie/main amd64 liblapack3 amd64 3.12.1-6 [2447 kB]
#33 318.2 Get:150 http://deb.debian.org/debian trixie/main amd64 libasyncns0 amd64 0.8-6+b5 [12.0 kB]
#33 318.2 Get:151 http://deb.debian.org/debian trixie/main amd64 libdbus-1-3 amd64 1.16.2-2 [178 kB]
#33 318.3 Get:152 http://deb.debian.org/debian trixie/main amd64 libflac14 amd64 1.5.0+ds-2 [210 kB]
#33 318.5 Get:153 http://deb.debian.org/debian trixie/main amd64 libsndfile1 amd64 1.2.2-2+deb13u1 [199 kB]
#33 318.7 Get:154 http://deb.debian.org/debian trixie/main amd64 libpulse0 amd64 17.0+dfsg1-2+b1 [276 kB]
#33 319.0 Get:155 http://deb.debian.org/debian trixie/main amd64 libsphinxbase3t64 amd64 0.8+5prealpha+1-21+b1 [121 kB]
#33 319.2 Get:156 http://deb.debian.org/debian trixie/main amd64 libpocketsphinx3 amd64 0.8+5prealpha+1-15+b4 [126 kB]
#33 319.3 Get:157 http://deb.debian.org/debian trixie/main amd64 libpostproc58 amd64 7:7.1.5-0+deb13u1 [96.0 kB]
#33 319.4 Get:158 http://deb.debian.org/debian trixie/main amd64 libfftw3-double3 amd64 3.3.10-2+b1 [781 kB]
#33 320.2 Get:159 http://deb.debian.org/debian trixie/main amd64 libsamplerate0 amd64 0.2.2-4+b2 [950 kB]
#33 321.2 Get:160 http://deb.debian.org/debian trixie/main amd64 librubberband2 amd64 3.3.0+dfsg-2+b3 [142 kB]
#33 321.3 Get:161 http://deb.debian.org/debian trixie/main amd64 libswscale8 amd64 7:7.1.5-0+deb13u1 [242 kB]
#33 321.6 Get:162 http://deb.debian.org/debian trixie/main amd64 libvidstab1.1 amd64 1.1.0-2+b2 [38.9 kB]
#33 321.6 Get:163 http://deb.debian.org/debian trixie/main amd64 libzimg2 amd64 3.0.5+ds1-1+b2 [244 kB]
#33 321.8 Get:164 http://deb.debian.org/debian trixie/main amd64 libavfilter10 amd64 7:7.1.5-0+deb13u1 [4121 kB]
#33 ...

#34 [text  2/10] RUN apt-get update && apt-get install -y --no-install-recommends build-essential && rm -rf /var/lib/apt/lists/*
#34 323.1 Selecting previously unselected package g++-14.
#34 323.1 Preparing to unpack .../44-g++-14_14.2.0-19_amd64.deb ...
#34 323.1 Unpacking g++-14 (14.2.0-19) ...
#34 323.1 Selecting previously unselected package g++-x86-64-linux-gnu.
#34 323.1 Preparing to unpack .../45-g++-x86-64-linux-gnu_4%3a14.2.0-1_amd64.deb ...
#34 323.1 Unpacking g++-x86-64-linux-gnu (4:14.2.0-1) ...
#34 323.2 Selecting previously unselected package g++.
#34 323.2 Preparing to unpack .../46-g++_4%3a14.2.0-1_amd64.deb ...
#34 323.2 Unpacking g++ (4:14.2.0-1) ...
#34 323.2 Selecting previously unselected package make.
#34 323.2 Preparing to unpack .../47-make_4.4.1-2_amd64.deb ...
#34 323.2 Unpacking make (4.4.1-2) ...
#34 323.2 Selecting previously unselected package libdpkg-perl.
#34 323.2 Preparing to unpack .../48-libdpkg-perl_1.22.22_all.deb ...
#34 323.2 Unpacking libdpkg-perl (1.22.22) ...
#34 323.3 Selecting previously unselected package patch.
#34 323.3 Preparing to unpack .../49-patch_2.8-2_amd64.deb ...
#34 323.3 Unpacking patch (2.8-2) ...
#34 323.3 Selecting previously unselected package dpkg-dev.
#34 323.3 Preparing to unpack .../50-dpkg-dev_1.22.22_all.deb ...
#34 323.3 Unpacking dpkg-dev (1.22.22) ...
#34 323.3 Selecting previously unselected package build-essential.
#34 323.3 Preparing to unpack .../51-build-essential_12.12_amd64.deb ...
#34 323.3 Unpacking build-essential (12.12) ...
#34 323.4 Setting up libgdbm-compat4t64:amd64 (1.24-2) ...
#34 323.4 Setting up binutils-common:amd64 (2.44-3) ...
#34 323.4 Setting up linux-libc-dev (6.12.111-1) ...
#34 323.4 Setting up libctf-nobfd0:amd64 (2.44-3) ...
#34 323.4 Setting up libgomp1:amd64 (14.2.0-19) ...
#34 323.4 Setting up bzip2 (1.0.8-6) ...
#34 323.4 Setting up libsframe1:amd64 (2.44-3) ...
#34 323.4 Setting up libjansson4:amd64 (2.14-2+b3) ...
#34 323.4 Setting up rpcsvc-proto (1.4.3-1) ...
#34 323.4 Setting up make (4.4.1-2) ...
#34 323.4 Setting up libmpfr6:amd64 (4.2.2-1) ...
#34 323.4 Setting up xz-utils (5.8.1-1+deb13u1) ...
#34 323.5 update-alternatives: using /usr/bin/xz to provide /usr/bin/lzma (lzma) in auto mode
#34 323.5 update-alternatives: warning: skip creation of /usr/share/man/man1/lzma.1.gz because associated file /usr/share/man/man1/xz.1.gz (of link group lzma) doesn't exist
#34 323.5 update-alternatives: warning: skip creation of /usr/share/man/man1/unlzma.1.gz because associated file /usr/share/man/man1/unxz.1.gz (of link group lzma) doesn't exist
#34 323.5 update-alternatives: warning: skip creation of /usr/share/man/man1/lzcat.1.gz because associated file /usr/share/man/man1/xzcat.1.gz (of link group lzma) doesn't exist
#34 323.5 update-alternatives: warning: skip creation of /usr/share/man/man1/lzmore.1.gz because associated file /usr/share/man/man1/xzmore.1.gz (of link group lzma) doesn't exist
#34 323.5 update-alternatives: warning: skip creation of /usr/share/man/man1/lzless.1.gz because associated file /usr/share/man/man1/xzless.1.gz (of link group lzma) doesn't exist
#34 323.5 update-alternatives: warning: skip creation of /usr/share/man/man1/lzdiff.1.gz because associated file /usr/share/man/man1/xzdiff.1.gz (of link group lzma) doesn't exist
#34 323.5 update-alternatives: warning: skip creation of /usr/share/man/man1/lzcmp.1.gz because associated file /usr/share/man/man1/xzcmp.1.gz (of link group lzma) doesn't exist
#34 323.5 update-alternatives: warning: skip creation of /usr/share/man/man1/lzgrep.1.gz because associated file /usr/share/man/man1/xzgrep.1.gz (of link group lzma) doesn't exist
#34 323.5 update-alternatives: warning: skip creation of /usr/share/man/man1/lzegrep.1.gz because associated file /usr/share/man/man1/xzegrep.1.gz (of link group lzma) doesn't exist
#34 323.5 update-alternatives: warning: skip creation of /usr/share/man/man1/lzfgrep.1.gz because associated file /usr/share/man/man1/xzfgrep.1.gz (of link group lzma) doesn't exist
#34 323.5 Setting up libquadmath0:amd64 (14.2.0-19) ...
#34 323.5 Setting up libmpc3:amd64 (1.3.1-1+b3) ...
#34 323.5 Setting up libatomic1:amd64 (14.2.0-19) ...
#34 323.5 Setting up patch (2.8-2) ...
#34 323.5 Setting up libubsan1:amd64 (14.2.0-19) ...
#34 323.5 Setting up perl-modules-5.40 (5.40.1-6+deb13u1) ...
#34 323.5 Setting up libhwasan0:amd64 (14.2.0-19) ...
#34 323.5 Setting up libcrypt-dev:amd64 (1:4.4.38-1) ...
#34 323.5 Setting up libasan8:amd64 (14.2.0-19) ...
#34 323.5 Setting up libtsan2:amd64 (14.2.0-19) ...
#34 323.5 Setting up libbinutils:amd64 (2.44-3) ...
#34 323.5 Setting up libisl23:amd64 (0.27-1) ...
#34 323.5 Setting up libc-dev-bin (2.41-12+deb13u4) ...
#34 323.6 Setting up libcc1-0:amd64 (14.2.0-19) ...
#34 323.6 Setting up liblsan0:amd64 (14.2.0-19) ...
#34 323.6 Setting up libitm1:amd64 (14.2.0-19) ...
#34 323.6 Setting up libctf0:amd64 (2.44-3) ...
#34 323.6 Setting up libperl5.40:amd64 (5.40.1-6+deb13u1) ...
#34 323.6 Setting up perl (5.40.1-6+deb13u1) ...
#34 323.6 Setting up libgprofng0:amd64 (2.44-3) ...
#34 323.6 Setting up cpp-14-x86-64-linux-gnu (14.2.0-19) ...
#34 323.6 Setting up libdpkg-perl (1.22.22) ...
#34 323.6 Setting up cpp-14 (14.2.0-19) ...
#34 323.6 Setting up libc6-dev:amd64 (2.41-12+deb13u4) ...
#34 323.6 Setting up libgcc-14-dev:amd64 (14.2.0-19) ...
#34 323.6 Setting up libstdc++-14-dev:amd64 (14.2.0-19) ...
#34 323.6 Setting up binutils-x86-64-linux-gnu (2.44-3) ...
#34 323.7 Setting up cpp-x86-64-linux-gnu (4:14.2.0-1) ...
#34 323.7 Setting up binutils (2.44-3) ...
#34 323.7 Setting up dpkg-dev (1.22.22) ...
#34 323.7 Setting up cpp (4:14.2.0-1) ...
#34 323.7 Setting up gcc-14-x86-64-linux-gnu (14.2.0-19) ...
#34 323.7 Setting up gcc-x86-64-linux-gnu (4:14.2.0-1) ...
#34 323.7 Setting up gcc-14 (14.2.0-19) ...
#34 323.7 Setting up g++-14-x86-64-linux-gnu (14.2.0-19) ...
#34 323.7 Setting up g++-x86-64-linux-gnu (4:14.2.0-1) ...
#34 323.7 Setting up g++-14 (14.2.0-19) ...
#34 323.7 Setting up gcc (4:14.2.0-1) ...
#34 323.8 Setting up g++ (4:14.2.0-1) ...
#34 323.8 update-alternatives: using /usr/bin/g++ to provide /usr/bin/c++ (c++) in auto mode
#34 323.8 Setting up build-essential (12.12) ...
#34 323.8 Processing triggers for libc-bin (2.41-12+deb13u4) ...
#34 DONE 324.1s

#33 [media  2/12] RUN apt-get update && apt-get install -y --no-install-recommends ca-certificates curl ffmpeg       tesseract-ocr tesseract-ocr-eng tesseract-ocr-fra tesseract-ocr-ara  && rm -rf /var/lib/apt/lists/*
#33 ...

#38 [text  3/10] WORKDIR /app
#38 DONE 0.1s

#39 [text  4/10] RUN pip install --no-cache-dir --index-url https://download.pytorch.org/whl/cpu torch==2.14.1
#39 1.446 Looking in indexes: https://download.pytorch.org/whl/cpu
#39 3.445 Collecting torch==2.14.1
#39 4.038   Downloading https://download-r2.pytorch.org/whl/cpu/torch-2.14.1%2Bcpu-cp312-cp312-manylinux_2_28_x86_64.whl.metadata (37 kB)
#39 4.351 Collecting filelock (from torch==2.14.1)
#39 4.626   Downloading filelock-3.32.3-py3-none-any.whl.metadata (2.0 kB)
#39 4.910 Collecting typing-extensions>=4.10.0 (from torch==2.14.1)
#39 4.976   Downloading typing_extensions-4.16.0-py3-none-any.whl.metadata (3.3 kB)
#39 5.031 Collecting setuptools>=77.0.3 (from torch==2.14.1)
#39 5.105   Downloading https://download.pytorch.org/whl/setuptools-78.1.0-py3-none-any.whl.metadata (6.6 kB)
#39 5.357 Collecting sympy>=1.13.3 (from torch==2.14.1)
#39 5.430   Downloading sympy-1.14.0-py3-none-any.whl.metadata (12 kB)
#39 5.994 Collecting networkx>=2.5.1 (from torch==2.14.1)
#39 6.061   Downloading networkx-3.6.1-py3-none-any.whl.metadata (6.8 kB)
#39 6.157 Collecting jinja2 (from torch==2.14.1)
#39 6.397   Downloading https://download.pytorch.org/whl/jinja2-3.1.6-py3-none-any.whl.metadata (2.9 kB)
#39 6.757 Collecting fsspec>=0.8.5 (from torch==2.14.1)
#39 6.910   Downloading fsspec-2026.7.0-py3-none-any.whl.metadata (10 kB)
#39 7.044 Collecting mpmath<1.4,>=1.1.0 (from sympy>=1.13.3->torch==2.14.1)
#39 7.137   Downloading mpmath-1.3.0-py3-none-any.whl.metadata (8.6 kB)
#39 7.275 Collecting MarkupSafe>=2.0 (from jinja2->torch==2.14.1)
#39 7.360   Downloading https://download.pytorch.org/whl/markupsafe-3.0.3-cp312-cp312-manylinux2014_x86_64.manylinux_2_17_x86_64.manylinux_2_28_x86_64.whl.metadata (2.7 kB)
#39 7.535 Downloading https://download-r2.pytorch.org/whl/cpu/torch-2.14.1%2Bcpu-cp312-cp312-manylinux_2_28_x86_64.whl (196.3 MB)
#39 ...

#33 [media  2/12] RUN apt-get update && apt-get install -y --no-install-recommends ca-certificates curl ffmpeg       tesseract-ocr tesseract-ocr-eng tesseract-ocr-fra tesseract-ocr-ara  && rm -rf /var/lib/apt/lists/*
#33 326.4 Get:165 http://deb.debian.org/debian trixie/main amd64 libslang2 amd64 2.3.3-5+b2 [549 kB]
#33 327.9 Get:166 http://deb.debian.org/debian trixie/main amd64 libcaca0 amd64 0.99.beta20-5+deb13u1 [202 kB]
#33 328.3 Get:167 http://deb.debian.org/debian trixie/main amd64 libcdio19t64 amd64 2.2.0-4.1~deb13u1 [61.6 kB]
#33 328.3 Get:168 http://deb.debian.org/debian trixie/main amd64 libcdio-cdda2t64 amd64 10.2+2.0.2-1+b1 [17.7 kB]
#33 328.3 Get:169 http://deb.debian.org/debian trixie/main amd64 libcdio-paranoia2t64 amd64 10.2+2.0.2-1+b1 [17.4 kB]
#33 328.3 Get:170 http://deb.debian.org/debian trixie/main amd64 libusb-1.0-0 amd64 2:1.0.28-1 [59.6 kB]
#33 328.5 Get:171 http://deb.debian.org/debian trixie/main amd64 libdc1394-25 amd64 2.2.6-5 [111 kB]
#33 328.6 Get:172 http://deb.debian.org/debian trixie/main amd64 libglvnd0 amd64 1.7.0-1+b2 [52.0 kB]
#33 328.7 Get:173 http://deb.debian.org/debian trixie/main amd64 libxcb-glx0 amd64 1.17.0-2+b1 [122 kB]
#33 328.8 Get:174 http://deb.debian.org/debian trixie/main amd64 libxcb-present0 amd64 1.17.0-2+b1 [106 kB]
#33 328.8 Get:175 http://deb.debian.org/debian trixie/main amd64 libxcb-xfixes0 amd64 1.17.0-2+b1 [109 kB]
#33 328.9 Get:176 http://deb.debian.org/debian trixie/main amd64 libxxf86vm1 amd64 1:1.1.4-1+b4 [19.3 kB]
#33 329.0 Get:177 http://deb.debian.org/debian trixie/main amd64 libdrm-amdgpu1 amd64 2.4.124-2 [22.6 kB]
#33 329.1 Get:178 http://deb.debian.org/debian trixie/main amd64 libpciaccess0 amd64 0.17-3+b3 [51.9 kB]
#33 329.1 Get:179 http://deb.debian.org/debian trixie/main amd64 libdrm-intel1 amd64 2.4.124-2 [64.1 kB]
#33 329.2 Get:180 http://deb.debian.org/debian trixie/main amd64 libelf1t64 amd64 0.192-4 [189 kB]
#33 329.3 Get:181 http://deb.debian.org/debian trixie/main amd64 libedit2 amd64 3.1-20250104-1 [93.8 kB]
#33 329.3 Get:182 http://deb.debian.org/debian trixie/main amd64 libz3-4 amd64 4.13.3-1 [8560 kB]
#33 377.7 Get:183 http://deb.debian.org/debian trixie/main amd64 libllvm19 amd64 1:19.1.7-3+b1 [26.0 MB]
#33 520.5 Get:184 http://deb.debian.org/debian trixie/main amd64 libsensors-config all 1:3.6.2-2 [16.2 kB]
#33 520.6 Get:185 http://deb.debian.org/debian trixie/main amd64 libsensors5 amd64 1:3.6.2-2 [37.5 kB]
#33 520.6 Get:186 http://deb.debian.org/debian trixie/main amd64 libxcb-randr0 amd64 1.17.0-2+b1 [117 kB]
#33 521.0 Get:187 http://deb.debian.org/debian trixie/main amd64 libxcb-sync1 amd64 1.17.0-2+b1 [109 kB]
#33 521.7 Get:188 http://deb.debian.org/debian trixie/main amd64 libxshmfence1 amd64 1.3.3-1 [10.9 kB]
#33 521.7 Get:189 http://deb.debian.org/debian trixie/main amd64 mesa-libgallium amd64 25.0.7-2+deb13u1 [9630 kB]
#33 ...

#39 [text  4/10] RUN pip install --no-cache-dir --index-url https://download.pytorch.org/whl/cpu torch==2.14.1
#39 278.7    ΓöüΓöüΓöüΓöüΓöüΓöüΓöüΓöüΓöüΓöüΓöüΓöüΓöüΓöüΓöüΓöüΓöüΓöüΓöüΓöüΓöüΓöüΓöüΓöüΓöüΓöüΓöüΓöüΓöüΓöüΓöüΓöüΓöüΓöüΓöüΓöüΓöüΓöüΓöü 196.3/196.3 MB 747.4 kB/s eta 0:00:00
#39 278.7 Downloading fsspec-2026.7.0-py3-none-any.whl (206 kB)
#39 279.0 Downloading networkx-3.6.1-py3-none-any.whl (2.1 MB)
#39 282.5    ΓöüΓöüΓöüΓöüΓöüΓöüΓöüΓöüΓöüΓöüΓöüΓöüΓöüΓöüΓöüΓöüΓöüΓöüΓöüΓöüΓöüΓöüΓöüΓöüΓöüΓöüΓöüΓöüΓöüΓöüΓöüΓöüΓöüΓöüΓöüΓöüΓöüΓöüΓöüΓöü 2.1/2.1 MB 580.6 kB/s eta 0:00:00
#39 282.8 Downloading https://download.pytorch.org/whl/setuptools-78.1.0-py3-none-any.whl (1.3 MB)
#39 284.4    ΓöüΓöüΓöüΓöüΓöüΓöüΓöüΓöüΓöüΓöüΓöüΓöüΓöüΓöüΓöüΓöüΓöüΓöüΓöüΓöüΓöüΓöüΓöüΓöüΓöüΓöüΓöüΓöüΓöüΓöüΓöüΓöüΓöüΓöüΓöüΓöüΓöüΓöüΓöüΓöü 1.3/1.3 MB 728.4 kB/s eta 0:00:00
#39 284.4 Downloading sympy-1.14.0-py3-none-any.whl (6.3 MB)
#39 ...

#33 [media  2/12] RUN apt-get update && apt-get install -y --no-install-recommends ca-certificates curl ffmpeg       tesseract-ocr tesseract-ocr-eng tesseract-ocr-fra tesseract-ocr-ara  && rm -rf /var/lib/apt/lists/*
#33 606.4 Get:190 http://deb.debian.org/debian trixie/main amd64 libwayland-server0 amd64 1.23.1-3 [34.4 kB]
#33 606.4 Get:191 http://deb.debian.org/debian trixie/main amd64 libgbm1 amd64 25.0.7-2+deb13u1 [44.6 kB]
#33 606.6 Get:192 http://deb.debian.org/debian trixie/main amd64 libgl1-mesa-dri amd64 25.0.7-2+deb13u1 [46.2 kB]
#33 606.6 Get:193 http://deb.debian.org/debian trixie/main amd64 libglx-mesa0 amd64 25.0.7-2+deb13u1 [143 kB]
#33 606.9 Get:194 http://deb.debian.org/debian trixie/main amd64 libglx0 amd64 1.7.0-1+b2 [34.9 kB]
#33 606.9 Get:195 http://deb.debian.org/debian trixie/main amd64 libgl1 amd64 1.7.0-1+b2 [89.5 kB]
#33 607.0 Get:196 http://deb.debian.org/debian trixie/main amd64 libiec61883-0 amd64 1.2.0-7 [30.6 kB]
#33 607.0 Get:197 http://deb.debian.org/debian trixie/main amd64 libjack-jackd2-0 amd64 1.9.22~dfsg-4 [287 kB]
#33 608.8 Get:198 http://deb.debian.org/debian trixie/main amd64 libopenal-data all 1:1.24.2-1 [168 kB]
#33 609.1 Get:199 http://deb.debian.org/debian trixie/main amd64 libopenal1 amd64 1:1.24.2-1 [637 kB]
#33 610.7 Get:200 http://deb.debian.org/debian trixie/main amd64 libwayland-client0 amd64 1.23.1-3 [26.8 kB]
#33 610.8 Get:201 http://deb.debian.org/debian trixie/main amd64 libdecor-0-0 amd64 0.2.2-2 [15.5 kB]
#33 610.8 Get:202 http://deb.debian.org/debian trixie/main amd64 libwayland-cursor0 amd64 1.23.1-3 [11.9 kB]
#33 610.9 Get:203 http://deb.debian.org/debian trixie/main amd64 libwayland-egl1 amd64 1.23.1-3 [5860 B]
#33 610.9 Get:204 http://deb.debian.org/debian trixie/main amd64 libxcursor1 amd64 1:1.2.3-1 [39.7 kB]
#33 611.0 Get:205 http://deb.debian.org/debian trixie/main amd64 libxi6 amd64 2:1.8.2-1 [78.9 kB]
#33 611.2 Get:206 http://deb.debian.org/debian trixie/main amd64 xkb-data all 2.42-1 [790 kB]
#33 612.8 Get:207 http://deb.debian.org/debian trixie/main amd64 libxkbcommon0 amd64 1.7.0-2 [113 kB]
#33 613.0 Get:208 http://deb.debian.org/debian trixie/main amd64 libxrandr2 amd64 2:1.5.4-1+b3 [36.3 kB]
#33 613.1 Get:209 http://deb.debian.org/debian trixie/main amd64 x11-common all 1:7.7+24+deb13u1 [217 kB]
#33 613.5 Get:210 http://deb.debian.org/debian trixie/main amd64 libxss1 amd64 1:1.2.3-1+b3 [17.0 kB]
#33 613.6 Get:211 http://deb.debian.org/debian trixie/main amd64 libsdl2-2.0-0 amd64 2.32.4+dfsg-1 [669 kB]
#33 614.7 Get:212 http://deb.debian.org/debian trixie/main amd64 libxcb-shape0 amd64 1.17.0-2+b1 [106 kB]
#33 614.8 Get:213 http://deb.debian.org/debian trixie/main amd64 libxv1 amd64 2:1.0.11-1.1+b3 [23.4 kB]
#33 614.9 Get:214 http://deb.debian.org/debian trixie/main amd64 libavdevice61 amd64 7:7.1.5-0+deb13u1 [127 kB]
#33 615.4 Get:215 http://deb.debian.org/debian trixie/main amd64 ffmpeg amd64 7:7.1.5-0+deb13u1 [2002 kB]
#33 619.9 Get:216 http://deb.debian.org/debian trixie/main amd64 libarchive13t64 amd64 3.7.4-4+deb13u1 [350 kB]
#33 620.6 Get:217 http://deb.debian.org/debian trixie/main amd64 libgif7 amd64 5.2.2-1+deb13u1 [44.1 kB]
#33 620.7 Get:218 http://deb.debian.org/debian trixie/main amd64 libicu76 amd64 76.1-4 [9722 kB]
#33 ...

#39 [text  4/10] RUN pip install --no-cache-dir --index-url https://download.pytorch.org/whl/cpu torch==2.14.1
#39 298.0    ΓöüΓöüΓöüΓöüΓöüΓöüΓöüΓöüΓöüΓöüΓöüΓöüΓöüΓöüΓöüΓöüΓöüΓöüΓöüΓöüΓöüΓöüΓöüΓöüΓöüΓöüΓöüΓöüΓöüΓöüΓöüΓöüΓöüΓöüΓöüΓöüΓöüΓöüΓöüΓöü 6.3/6.3 MB 458.8 kB/s eta 0:00:00
#39 298.1 Downloading typing_extensions-4.16.0-py3-none-any.whl (45 kB)
#39 298.2 Downloading filelock-3.32.3-py3-none-any.whl (98 kB)
#39 298.6 Downloading https://download.pytorch.org/whl/jinja2-3.1.6-py3-none-any.whl (134 kB)
#39 298.9 Downloading https://download.pytorch.org/whl/markupsafe-3.0.3-cp312-cp312-manylinux2014_x86_64.manylinux_2_17_x86_64.manylinux_2_28_x86_64.whl (22 kB)
#39 299.0 Downloading mpmath-1.3.0-py3-none-any.whl (536 kB)
#39 300.1    ΓöüΓöüΓöüΓöüΓöüΓöüΓöüΓöüΓöüΓöüΓöüΓöüΓöüΓöüΓöüΓöüΓöüΓöüΓöüΓöüΓöüΓöüΓöüΓöüΓöüΓöüΓöüΓöüΓöüΓöüΓöüΓöüΓöüΓöüΓöüΓöüΓöüΓöüΓöü 536.2/536.2 kB 493.7 kB/s eta 0:00:00
#39 300.5 Installing collected packages: mpmath, typing-extensions, sympy, setuptools, networkx, MarkupSafe, fsspec, filelock, jinja2, torch
#39 ...

#33 [media  2/12] RUN apt-get update && apt-get install -y --no-install-recommends ca-certificates curl ffmpeg       tesseract-ocr tesseract-ocr-eng tesseract-ocr-fra tesseract-ocr-ara  && rm -rf /var/lib/apt/lists/*
#33 633.0 Get:219 http://deb.debian.org/debian trixie/main amd64 libleptonica6 amd64 1.84.1-4 [1066 kB]
#33 634.5 Get:220 http://deb.debian.org/debian trixie/main amd64 libtesseract5 amd64 5.5.0-1+b1 [1417 kB]
#33 637.5 Get:221 http://deb.debian.org/debian trixie/main amd64 tesseract-ocr-eng all 1:4.1.0-2 [1594 kB]
#33 640.5 Get:222 http://deb.debian.org/debian trixie/main amd64 tesseract-ocr-osd all 1:4.1.0-2 [2992 kB]
#33 ...

#39 [text  4/10] RUN pip install --no-cache-dir --index-url https://download.pytorch.org/whl/cpu torch==2.14.1
#39 318.7 Successfully installed MarkupSafe-3.0.3 filelock-3.32.3 fsspec-2026.7.0 jinja2-3.1.6 mpmath-1.3.0 networkx-3.6.1 setuptools-78.1.0 sympy-1.14.0 torch-2.14.1+cpu typing-extensions-4.16.0
#39 318.7 WARNING: Running pip as the 'root' user can result in broken permissions and conflicting behaviour with the system package manager, possibly rendering your system unusable. It is recommended to use a virtual environment instead: https://pip.pypa.io/warnings/venv. Use the --root-user-action option if you know what you are doing and want to suppress this warning.
#39 DONE 322.8s

#33 [media  2/12] RUN apt-get update && apt-get install -y --no-install-recommends ca-certificates curl ffmpeg       tesseract-ocr tesseract-ocr-eng tesseract-ocr-fra tesseract-ocr-ara  && rm -rf /var/lib/apt/lists/*
#33 ...

#40 [text  5/10] COPY text/requirements.txt /tmp/requirements.txt
#40 DONE 0.1s

#41 [text  6/10] RUN pip install --no-cache-dir -r /tmp/requirements.txt
#41 4.585 Collecting fastapi==0.142.2 (from -r /tmp/requirements.txt (line 2))
#41 5.311   Downloading fastapi-0.142.2-py3-none-any.whl.metadata (27 kB)
#41 5.415 Collecting uvicorn==0.54.0 (from -r /tmp/requirements.txt (line 3))
#41 5.469   Downloading uvicorn-0.54.0-py3-none-any.whl.metadata (6.6 kB)
#41 5.726 Collecting pydantic==2.13.5 (from -r /tmp/requirements.txt (line 4))
#41 5.791   Downloading pydantic-2.13.5-py3-none-any.whl.metadata (110 kB)
#41 6.500 Collecting numpy==2.4.6 (from -r /tmp/requirements.txt (line 5))
#41 6.570   Downloading numpy-2.4.6-cp312-cp312-manylinux_2_27_x86_64.manylinux_2_28_x86_64.whl.metadata (6.6 kB)
#41 6.698 Collecting phonenumbers==9.0.40 (from -r /tmp/requirements.txt (line 6))
#41 6.762   Downloading phonenumbers-9.0.40-py2.py3-none-any.whl.metadata (10 kB)
#41 6.933 Collecting schwifty==2026.7.3 (from -r /tmp/requirements.txt (line 7))
#41 6.997   Downloading schwifty-2026.7.3-py3-none-any.whl.metadata (5.4 kB)
#41 7.068 Collecting python-stdnum==2.2 (from -r /tmp/requirements.txt (line 8))
#41 7.125   Downloading python_stdnum-2.2-py3-none-any.whl.metadata (19 kB)
#41 7.237 Collecting lingua-language-detector==2.2.0 (from -r /tmp/requirements.txt (line 9))
#41 7.297   Downloading lingua_language_detector-2.2.0-cp312-cp312-manylinux_2_17_x86_64.manylinux2014_x86_64.whl.metadata (31 kB)
#41 7.392 Collecting fasttext==0.9.3 (from -r /tmp/requirements.txt (line 10))
#41 7.446   Downloading fasttext-0.9.3.tar.gz (73 kB)
#41 7.505   Installing build dependencies: started
#41 ...

#33 [media  2/12] RUN apt-get update && apt-get install -y --no-install-recommends ca-certificates curl ffmpeg       tesseract-ocr tesseract-ocr-eng tesseract-ocr-fra tesseract-ocr-ara  && rm -rf /var/lib/apt/lists/*
#33 650.6 Get:223 http://deb.debian.org/debian trixie/main amd64 tesseract-ocr amd64 5.5.0-1+b1 [439 kB]
#33 650.8 Get:224 http://deb.debian.org/debian trixie/main amd64 tesseract-ocr-ara all 1:4.1.0-2 [647 kB]
#33 651.8 Get:225 http://deb.debian.org/debian trixie/main amd64 tesseract-ocr-fra all 1:4.1.0-2 [530 kB]
#33 652.4 debconf: unable to initialize frontend: Dialog
#33 652.4 debconf: (TERM is not set, so the dialog frontend is not usable.)
#33 652.4 debconf: falling back to frontend: Readline
#33 652.4 debconf: unable to initialize frontend: Readline
#33 652.4 debconf: (Can't locate Term/ReadLine.pm in @INC (you may need to install the Term::ReadLine module) (@INC entries checked: /etc/perl /usr/local/lib/x86_64-linux-gnu/perl/5.40.1 /usr/local/share/perl/5.40.1 /usr/lib/x86_64-linux-gnu/perl5/5.40 /usr/share/perl5 /usr/lib/x86_64-linux-gnu/perl-base /usr/lib/x86_64-linux-gnu/perl/5.40 /usr/share/perl/5.40 /usr/local/lib/site_perl) at /usr/share/perl5/Debconf/FrontEnd/Readline.pm line 8, <STDIN> line 225.)
#33 652.4 debconf: falling back to frontend: Teletype
#33 652.4 debconf: unable to initialize frontend: Teletype
#33 652.4 debconf: (This frontend requires a controlling tty.)
#33 652.4 debconf: falling back to frontend: Noninteractive
#33 656.3 Preconfiguring packages ...
#33 656.4 Fetched 153 MB in 10min 27s (245 kB/s)
#33 656.4 Selecting previously unselected package libexpat1:amd64.
#33 656.4 (Reading database ... 
(Reading database ... 5%
(Reading database ... 10%
(Reading database ... 15%
(Reading database ... 20%
(Reading database ... 25%
(Reading database ... 30%
(Reading database ... 35%
(Reading database ... 40%
(Reading database ... 45%
(Reading database ... 50%
(Reading database ... 55%
(Reading database ... 60%
(Reading database ... 65%
(Reading database ... 70%
(Reading database ... 75%
(Reading database ... 80%
(Reading database ... 85%
(Reading database ... 90%
(Reading database ... 95%
(Reading database ... 100%
(Reading database ... 5660 files and directories currently installed.)
#33 656.4 Preparing to unpack .../000-libexpat1_2.8.3-1~deb13u1_amd64.deb ...
#33 656.4 Unpacking libexpat1:amd64 (2.8.3-1~deb13u1) ...
#33 656.5 Selecting previously unselected package libbrotli1:amd64.
#33 656.5 Preparing to unpack .../001-libbrotli1_1.1.0-2+b7_amd64.deb ...
#33 656.5 Unpacking libbrotli1:amd64 (1.1.0-2+b7) ...
#33 656.6 Selecting previously unselected package libkrb5support0:amd64.
#33 656.6 Preparing to unpack .../002-libkrb5support0_1.21.3-5+deb13u1_amd64.deb ...
#33 656.6 Unpacking libkrb5support0:amd64 (1.21.3-5+deb13u1) ...
#33 656.6 Selecting previously unselected package libcom-err2:amd64.
#33 656.6 Preparing to unpack .../003-libcom-err2_1.47.2-3+b12_amd64.deb ...
#33 656.6 Unpacking libcom-err2:amd64 (1.47.2-3+b12) ...
#33 656.6 Selecting previously unselected package libk5crypto3:amd64.
#33 656.6 Preparing to unpack .../004-libk5crypto3_1.21.3-5+deb13u1_amd64.deb ...
#33 656.6 Unpacking libk5crypto3:amd64 (1.21.3-5+deb13u1) ...
#33 656.7 Selecting previously unselected package libkeyutils1:amd64.
#33 656.7 Preparing to unpack .../005-libkeyutils1_1.6.3-6_amd64.deb ...
#33 656.7 Unpacking libkeyutils1:amd64 (1.6.3-6) ...
#33 656.8 Selecting previously unselected package libkrb5-3:amd64.
#33 656.8 Preparing to unpack .../006-libkrb5-3_1.21.3-5+deb13u1_amd64.deb ...
#33 656.8 Unpacking libkrb5-3:amd64 (1.21.3-5+deb13u1) ...
#33 656.9 Selecting previously unselected package libgssapi-krb5-2:amd64.
#33 656.9 Preparing to unpack .../007-libgssapi-krb5-2_1.21.3-5+deb13u1_amd64.deb ...
#33 656.9 Unpacking libgssapi-krb5-2:amd64 (1.21.3-5+deb13u1) ...
#33 656.9 Selecting previously unselected package libunistring5:amd64.
#33 656.9 Preparing to unpack .../008-libunistring5_1.3-2_amd64.deb ...
#33 656.9 Unpacking libunistring5:amd64 (1.3-2) ...
#33 657.0 Selecting previously unselected package libidn2-0:amd64.
#33 657.0 Preparing to unpack .../009-libidn2-0_2.3.8-2_amd64.deb ...
#33 657.0 Unpacking libidn2-0:amd64 (2.3.8-2) ...
#33 657.0 Selecting previously unselected package libsasl2-modules-db:amd64.
#33 657.0 Preparing to unpack .../010-libsasl2-modules-db_2.1.28+dfsg1-9_amd64.deb ...
#33 657.0 Unpacking libsasl2-modules-db:amd64 (2.1.28+dfsg1-9) ...
#33 657.1 Selecting previously unselected package libsasl2-2:amd64.
#33 657.1 Preparing to unpack .../011-libsasl2-2_2.1.28+dfsg1-9_amd64.deb ...
#33 657.1 Unpacking libsasl2-2:amd64 (2.1.28+dfsg1-9) ...
#33 657.1 Selecting previously unselected package libldap2:amd64.
#33 657.1 Preparing to unpack .../012-libldap2_2.6.10+dfsg-1_amd64.deb ...
#33 657.1 Unpacking libldap2:amd64 (2.6.10+dfsg-1) ...
#33 657.2 Selecting previously unselected package libnghttp2-14:amd64.
#33 657.2 Preparing to unpack .../013-libnghttp2-14_1.64.0-1.1+deb13u1_amd64.deb ...
#33 657.2 Unpacking libnghttp2-14:amd64 (1.64.0-1.1+deb13u1) ...
#33 657.2 Selecting previously unselected package libnghttp3-9:amd64.
#33 657.2 Preparing to unpack .../014-libnghttp3-9_1.8.0-1_amd64.deb ...
#33 657.2 Unpacking libnghttp3-9:amd64 (1.8.0-1) ...
#33 657.3 Selecting previously unselected package libpsl5t64:amd64.
#33 657.3 Preparing to unpack .../015-libpsl5t64_0.21.2-1.1+b1_amd64.deb ...
#33 657.3 Unpacking libpsl5t64:amd64 (0.21.2-1.1+b1) ...
#33 657.3 Selecting previously unselected package libp11-kit0:amd64.
#33 657.3 Preparing to unpack .../016-libp11-kit0_0.25.5-3_amd64.deb ...
#33 657.3 Unpacking libp11-kit0:amd64 (0.25.5-3) ...
#33 657.4 Selecting previously unselected package libtasn1-6:amd64.
#33 657.4 Preparing to unpack .../017-libtasn1-6_4.20.0-2+deb13u1_amd64.deb ...
#33 657.4 Unpacking libtasn1-6:amd64 (4.20.0-2+deb13u1) ...
#33 657.5 Selecting previously unselected package libgnutls30t64:amd64.
#33 657.5 Preparing to unpack .../018-libgnutls30t64_3.8.9-3+deb13u4_amd64.deb ...
#33 657.5 Unpacking libgnutls30t64:amd64 (3.8.9-3+deb13u4) ...
#33 657.6 Selecting previously unselected package librtmp1:amd64.
#33 657.6 Preparing to unpack .../019-librtmp1_2.4+20151223.gitfa8646d.1-2+b5_amd64.deb ...
#33 657.6 Unpacking librtmp1:amd64 (2.4+20151223.gitfa8646d.1-2+b5) ...
#33 657.6 Selecting previously unselected package libssh2-1t64:amd64.
#33 657.6 Preparing to unpack .../020-libssh2-1t64_1.11.1-1+deb13u2_amd64.deb ...
#33 657.6 Unpacking libssh2-1t64:amd64 (1.11.1-1+deb13u2) ...
#33 657.7 Selecting previously unselected package libcurl4t64:amd64.
#33 657.7 Preparing to unpack .../021-libcurl4t64_8.14.1-2+deb13u5_amd64.deb ...
#33 657.7 Unpacking libcurl4t64:amd64 (8.14.1-2+deb13u5) ...
#33 657.8 Selecting previously unselected package curl.
#33 657.8 Preparing to unpack .../022-curl_8.14.1-2+deb13u5_amd64.deb ...
#33 657.8 Unpacking curl (8.14.1-2+deb13u5) ...
#33 ...

#41 [text  6/10] RUN pip install --no-cache-dir -r /tmp/requirements.txt
#41 10.75   Installing build dependencies: finished with status 'done'
#41 10.75   Getting requirements to build wheel: started
#41 10.93   Getting requirements to build wheel: finished with status 'done'
#41 10.93   Preparing metadata (pyproject.toml): started
#41 11.08   Preparing metadata (pyproject.toml): finished with status 'done'
#41 11.21 Collecting transformers==5.18.0 (from -r /tmp/requirements.txt (line 11))
#41 11.26   Downloading transformers-5.18.0-py3-none-any.whl.metadata (32 kB)
#41 11.47 Collecting huggingface-hub==2.1.1 (from -r /tmp/requirements.txt (line 12))
#41 11.53   Downloading huggingface_hub-2.1.1-py3-none-any.whl.metadata (16 kB)
#41 11.67 Collecting pytest==9.1.1 (from -r /tmp/requirements.txt (line 14))
#41 11.75   Downloading pytest-9.1.1-py3-none-any.whl.metadata (7.6 kB)
#41 11.92 Collecting httpx==0.28.1 (from -r /tmp/requirements.txt (line 15))
#41 11.98   Downloading httpx-0.28.1-py3-none-any.whl.metadata (7.1 kB)
#41 12.09 Collecting starlette>=0.46.0 (from fastapi==0.142.2->-r /tmp/requirements.txt (line 2))
#41 12.15   Downloading starlette-1.7.0-py3-none-any.whl.metadata (6.6 kB)
#41 12.16 Requirement already satisfied: typing-extensions>=4.8.0 in /usr/local/lib/python3.12/site-packages (from fastapi==0.142.2->-r /tmp/requirements.txt (line 2)) (4.16.0)
#41 12.22 Collecting typing-inspection>=0.4.2 (from fastapi==0.142.2->-r /tmp/requirements.txt (line 2))
#41 12.28   Downloading typing_inspection-0.4.4-py3-none-any.whl.metadata (2.6 kB)
#41 12.34 Collecting annotated-doc>=0.0.2 (from fastapi==0.142.2->-r /tmp/requirements.txt (line 2))
#41 12.40   Downloading annotated_doc-0.0.5-py3-none-any.whl.metadata (6.5 kB)
#41 12.51 Collecting opentelemetry-api>=1.44.0 (from fastapi==0.142.2->-r /tmp/requirements.txt (line 2))
#41 12.56   Downloading opentelemetry_api-1.45.0-py3-none-any.whl.metadata (1.4 kB)
#41 12.65 Collecting click>=7.0 (from uvicorn==0.54.0->-r /tmp/requirements.txt (line 3))
#41 12.78   Downloading click-8.5.0-py3-none-any.whl.metadata (2.6 kB)
#41 12.96 Collecting h11>=0.8 (from uvicorn==0.54.0->-r /tmp/requirements.txt (line 3))
#41 13.15   Downloading h11-0.16.0-py3-none-any.whl.metadata (8.3 kB)
#41 13.37 Collecting annotated-types>=0.6.0 (from pydantic==2.13.5->-r /tmp/requirements.txt (line 4))
#41 13.42   Downloading annotated_types-0.8.0-py3-none-any.whl.metadata (15 kB)
#41 ...

#33 [media  2/12] RUN apt-get update && apt-get install -y --no-install-recommends ca-certificates curl ffmpeg       tesseract-ocr tesseract-ocr-eng tesseract-ocr-fra tesseract-ocr-ara  && rm -rf /var/lib/apt/lists/*
#33 657.8 Selecting previously unselected package libaom3:amd64.
#33 657.8 Preparing to unpack .../023-libaom3_3.12.1-1+deb13u1_amd64.deb ...
#33 657.8 Unpacking libaom3:amd64 (3.12.1-1+deb13u1) ...
#33 657.9 Selecting previously unselected package libdrm-common.
#33 657.9 Preparing to unpack .../024-libdrm-common_2.4.124-2_all.deb ...
#33 657.9 Unpacking libdrm-common (2.4.124-2) ...
#33 658.0 Selecting previously unselected package libdrm2:amd64.
#33 658.0 Preparing to unpack .../025-libdrm2_2.4.124-2_amd64.deb ...
#33 658.0 Unpacking libdrm2:amd64 (2.4.124-2) ...
#33 658.1 Selecting previously unselected package libva2:amd64.
#33 658.1 Preparing to unpack .../026-libva2_2.22.0-3_amd64.deb ...
#33 658.1 Unpacking libva2:amd64 (2.22.0-3) ...
#33 658.1 Selecting previously unselected package libva-drm2:amd64.
#33 658.1 Preparing to unpack .../027-libva-drm2_2.22.0-3_amd64.deb ...
#33 658.1 Unpacking libva-drm2:amd64 (2.22.0-3) ...
#33 658.1 Selecting previously unselected package libxau6:amd64.
#33 658.1 Preparing to unpack .../028-libxau6_1%3a1.0.11-1_amd64.deb ...
#33 658.1 Unpacking libxau6:amd64 (1:1.0.11-1) ...
#33 658.2 Selecting previously unselected package libxdmcp6:amd64.
#33 658.2 Preparing to unpack .../029-libxdmcp6_1%3a1.1.5-1_amd64.deb ...
#33 658.2 Unpacking libxdmcp6:amd64 (1:1.1.5-1) ...
#33 658.2 Selecting previously unselected package libxcb1:amd64.
#33 658.2 Preparing to unpack .../030-libxcb1_1.17.0-2+b1_amd64.deb ...
#33 658.2 Unpacking libxcb1:amd64 (1.17.0-2+b1) ...
#33 658.2 Selecting previously unselected package libx11-data.
#33 658.2 Preparing to unpack .../031-libx11-data_2%3a1.8.12-1_all.deb ...
#33 658.2 Unpacking libx11-data (2:1.8.12-1) ...
#33 658.3 Selecting previously unselected package libx11-6:amd64.
#33 658.3 Preparing to unpack .../032-libx11-6_2%3a1.8.12-1_amd64.deb ...
#33 658.3 Unpacking libx11-6:amd64 (2:1.8.12-1) ...
#33 658.3 Selecting previously unselected package libx11-xcb1:amd64.
#33 658.3 Preparing to unpack .../033-libx11-xcb1_2%3a1.8.12-1_amd64.deb ...
#33 658.3 Unpacking libx11-xcb1:amd64 (2:1.8.12-1) ...
#33 658.3 Selecting previously unselected package libxcb-dri3-0:amd64.
#33 658.3 Preparing to unpack .../034-libxcb-dri3-0_1.17.0-2+b1_amd64.deb ...
#33 658.3 Unpacking libxcb-dri3-0:amd64 (1.17.0-2+b1) ...
#33 658.3 Selecting previously unselected package libxext6:amd64.
#33 658.4 Preparing to unpack .../035-libxext6_2%3a1.3.4-1+b3_amd64.deb ...
#33 658.4 Unpacking libxext6:amd64 (2:1.3.4-1+b3) ...
#33 658.4 Selecting previously unselected package libxfixes3:amd64.
#33 658.4 Preparing to unpack .../036-libxfixes3_1%3a6.0.0-2+b4_amd64.deb ...
#33 658.4 Unpacking libxfixes3:amd64 (1:6.0.0-2+b4) ...
#33 658.4 Selecting previously unselected package libva-x11-2:amd64.
#33 658.4 Preparing to unpack .../037-libva-x11-2_2.22.0-3_amd64.deb ...
#33 658.4 Unpacking libva-x11-2:amd64 (2.22.0-3) ...
#33 658.4 Selecting previously unselected package libvdpau1:amd64.
#33 658.4 Preparing to unpack .../038-libvdpau1_1.5-3+b1_amd64.deb ...
#33 658.4 Unpacking libvdpau1:amd64 (1.5-3+b1) ...
#33 658.5 Selecting previously unselected package libvpl2.
#33 658.5 Preparing to unpack .../039-libvpl2_1%3a2.14.0-1+b1_amd64.deb ...
#33 658.5 Unpacking libvpl2 (1:2.14.0-1+b1) ...
#33 658.5 Selecting previously unselected package ocl-icd-libopencl1:amd64.
#33 658.5 Preparing to unpack .../040-ocl-icd-libopencl1_2.3.3-1_amd64.deb ...
#33 658.5 Unpacking ocl-icd-libopencl1:amd64 (2.3.3-1) ...
#33 658.5 Selecting previously unselected package libavutil59:amd64.
#33 658.5 Preparing to unpack .../041-libavutil59_7%3a7.1.5-0+deb13u1_amd64.deb ...
#33 658.5 Unpacking libavutil59:amd64 (7:7.1.5-0+deb13u1) ...
#33 658.5 Selecting previously unselected package libpng16-16t64:amd64.
#33 658.5 Preparing to unpack .../042-libpng16-16t64_1.6.48-1+deb13u6_amd64.deb ...
#33 658.6 Unpacking libpng16-16t64:amd64 (1.6.48-1+deb13u6) ...
#33 658.6 Selecting previously unselected package libfreetype6:amd64.
#33 658.6 Preparing to unpack .../043-libfreetype6_2.13.3+dfsg-1+deb13u1_amd64.deb ...
#33 658.6 Unpacking libfreetype6:amd64 (2.13.3+dfsg-1+deb13u1) ...
#33 658.6 Selecting previously unselected package fonts-dejavu-mono.
#33 658.6 Preparing to unpack .../044-fonts-dejavu-mono_2.37-8_all.deb ...
#33 658.6 Unpacking fonts-dejavu-mono (2.37-8) ...
#33 658.7 Selecting previously unselected package fonts-dejavu-core.
#33 658.7 Preparing to unpack .../045-fonts-dejavu-core_2.37-8_all.deb ...
#33 658.7 Unpacking fonts-dejavu-core (2.37-8) ...
#33 658.7 Selecting previously unselected package fontconfig-config.
#33 658.7 Preparing to unpack .../046-fontconfig-config_2.15.0-2.3_amd64.deb ...
#33 658.7 Unpacking fontconfig-config (2.15.0-2.3) ...
#33 658.8 Selecting previously unselected package libfontconfig1:amd64.
#33 658.8 Preparing to unpack .../047-libfontconfig1_2.15.0-2.3_amd64.deb ...
#33 658.8 Unpacking libfontconfig1:amd64 (2.15.0-2.3) ...
#33 658.8 Selecting previously unselected package libpixman-1-0:amd64.
#33 658.8 Preparing to unpack .../048-libpixman-1-0_0.44.0-3_amd64.deb ...
#33 658.8 Unpacking libpixman-1-0:amd64 (0.44.0-3) ...
#33 658.8 Selecting previously unselected package libxcb-render0:amd64.
#33 658.8 Preparing to unpack .../049-libxcb-render0_1.17.0-2+b1_amd64.deb ...
#33 658.8 Unpacking libxcb-render0:amd64 (1.17.0-2+b1) ...
#33 658.9 Selecting previously unselected package libxcb-shm0:amd64.
#33 658.9 Preparing to unpack .../050-libxcb-shm0_1.17.0-2+b1_amd64.deb ...
#33 658.9 Unpacking libxcb-shm0:amd64 (1.17.0-2+b1) ...
#33 658.9 Selecting previously unselected package libxrender1:amd64.
#33 658.9 Preparing to unpack .../051-libxrender1_1%3a0.9.12-1_amd64.deb ...
#33 658.9 Unpacking libxrender1:amd64 (1:0.9.12-1) ...
#33 658.9 Selecting previously unselected package libcairo2:amd64.
#33 658.9 Preparing to unpack .../052-libcairo2_1.18.4-1+b1_amd64.deb ...
#33 658.9 Unpacking libcairo2:amd64 (1.18.4-1+b1) ...
#33 659.0 Selecting previously unselected package libcodec2-1.2:amd64.
#33 659.0 Preparing to unpack .../053-libcodec2-1.2_1.2.0-3_amd64.deb ...
#33 659.0 Unpacking libcodec2-1.2:amd64 (1.2.0-3) ...
#33 659.2 Selecting previously unselected package libdav1d7:amd64.
#33 659.2 Preparing to unpack .../054-libdav1d7_1.5.1-1_amd64.deb ...
#33 659.2 Unpacking libdav1d7:amd64 (1.5.1-1) ...
#33 659.3 Selecting previously unselected package libatomic1:amd64.
#33 659.3 Preparing to unpack .../055-libatomic1_14.2.0-19_amd64.deb ...
#33 659.3 Unpacking libatomic1:amd64 (14.2.0-19) ...
#33 659.3 Selecting previously unselected package libglib2.0-0t64:amd64.
#33 659.3 Preparing to unpack .../056-libglib2.0-0t64_2.84.4-3~deb13u5_amd64.deb ...
#33 659.3 Unpacking libglib2.0-0t64:amd64 (2.84.4-3~deb13u5) ...
#33 659.4 Selecting previously unselected package libgsm1:amd64.
#33 659.4 Preparing to unpack .../057-libgsm1_1.0.22-1+b2_amd64.deb ...
#33 659.4 Unpacking libgsm1:amd64 (1.0.22-1+b2) ...
#33 659.4 Selecting previously unselected package libhwy1t64:amd64.
#33 659.4 Preparing to unpack .../058-libhwy1t64_1.2.0-2+b2_amd64.deb ...
#33 659.4 Unpacking libhwy1t64:amd64 (1.2.0-2+b2) ...
#33 659.5 Selecting previously unselected package liblcms2-2:amd64.
#33 659.5 Preparing to unpack .../059-liblcms2-2_2.16-2+deb13u2_amd64.deb ...
#33 659.5 Unpacking liblcms2-2:amd64 (2.16-2+deb13u2) ...
#33 659.5 Selecting previously unselected package libjxl0.11:amd64.
#33 659.5 Preparing to unpack .../060-libjxl0.11_0.11.2-0.1~deb13u2_amd64.deb ...
#33 659.5 Unpacking libjxl0.11:amd64 (0.11.2-0.1~deb13u2) ...
#33 659.6 Selecting previously unselected package libmp3lame0:amd64.
#33 659.6 Preparing to unpack .../061-libmp3lame0_3.100-6+b3_amd64.deb ...
#33 659.6 Unpacking libmp3lame0:amd64 (3.100-6+b3) ...
#33 659.7 Selecting previously unselected package libopenjp2-7:amd64.
#33 659.7 Preparing to unpack .../062-libopenjp2-7_2.5.3-2.1~deb13u2_amd64.deb ...
#33 659.7 Unpacking libopenjp2-7:amd64 (2.5.3-2.1~deb13u2) ...
#33 659.7 Selecting previously unselected package libopus0:amd64.
#33 659.7 Preparing to unpack .../063-libopus0_1.5.2-2_amd64.deb ...
#33 659.7 Unpacking libopus0:amd64 (1.5.2-2) ...
#33 659.8 Selecting previously unselected package librav1e0.7:amd64.
#33 659.8 Preparing to unpack .../064-librav1e0.7_0.7.1-9+b2_amd64.deb ...
#33 659.8 Unpacking librav1e0.7:amd64 (0.7.1-9+b2) ...
#33 659.9 Selecting previously unselected package libcairo-gobject2:amd64.
#33 659.9 Preparing to unpack .../065-libcairo-gobject2_1.18.4-1+b1_amd64.deb ...
#33 659.9 Unpacking libcairo-gobject2:amd64 (1.18.4-1+b1) ...
#33 659.9 Selecting previously unselected package libgdk-pixbuf2.0-common.
#33 659.9 Preparing to unpack .../066-libgdk-pixbuf2.0-common_2.42.12+dfsg-4+deb13u1_all.deb ...
#33 659.9 Unpacking libgdk-pixbuf2.0-common (2.42.12+dfsg-4+deb13u1) ...
#33 659.9 Selecting previously unselected package libxml2:amd64.
#33 659.9 Preparing to unpack .../067-libxml2_2.12.7+dfsg+really2.9.14-2.1+deb13u3_amd64.deb ...
#33 659.9 Unpacking libxml2:amd64 (2.12.7+dfsg+really2.9.14-2.1+deb13u3) ...
#33 660.0 Selecting previously unselected package shared-mime-info.
#33 660.0 Preparing to unpack .../068-shared-mime-info_2.4-5+b2_amd64.deb ...
#33 660.0 Unpacking shared-mime-info (2.4-5+b2) ...
#33 660.0 Selecting previously unselected package libjpeg62-turbo:amd64.
#33 660.0 Preparing to unpack .../069-libjpeg62-turbo_1%3a2.1.5-4_amd64.deb ...
#33 660.0 Unpacking libjpeg62-turbo:amd64 (1:2.1.5-4) ...
#33 660.0 Selecting previously unselected package libdeflate0:amd64.
#33 660.0 Preparing to unpack .../070-libdeflate0_1.23-2_amd64.deb ...
#33 660.0 Unpacking libdeflate0:amd64 (1.23-2) ...
#33 660.1 Selecting previously unselected package libjbig0:amd64.
#33 660.1 Preparing to unpack .../071-libjbig0_2.1-6.1+b2_amd64.deb ...
#33 660.1 Unpacking libjbig0:amd64 (2.1-6.1+b2) ...
#33 660.1 Selecting previously unselected package liblerc4:amd64.
#33 660.1 Preparing to unpack .../072-liblerc4_4.0.0+ds-5_amd64.deb ...
#33 660.1 Unpacking liblerc4:amd64 (4.0.0+ds-5) ...
#33 660.1 Selecting previously unselected package libsharpyuv0:amd64.
#33 660.1 Preparing to unpack .../073-libsharpyuv0_1.5.0-0.1_amd64.deb ...
#33 660.1 Unpacking libsharpyuv0:amd64 (1.5.0-0.1) ...
#33 660.1 Selecting previously unselected package libwebp7:amd64.
#33 660.1 Preparing to unpack .../074-libwebp7_1.5.0-0.1_amd64.deb ...
#33 660.1 Unpacking libwebp7:amd64 (1.5.0-0.1) ...
#33 660.2 Selecting previously unselected package libtiff6:amd64.
#33 660.2 Preparing to unpack .../075-libtiff6_4.7.0-3+deb13u3_amd64.deb ...
#33 660.2 Unpacking libtiff6:amd64 (4.7.0-3+deb13u3) ...
#33 660.2 Selecting previously unselected package libgdk-pixbuf-2.0-0:amd64.
#33 660.2 Preparing to unpack .../076-libgdk-pixbuf-2.0-0_2.42.12+dfsg-4+deb13u1_amd64.deb ...
#33 660.2 Unpacking libgdk-pixbuf-2.0-0:amd64 (2.42.12+dfsg-4+deb13u1) ...
#33 660.2 Selecting previously unselected package fontconfig.
#33 660.2 Preparing to unpack .../077-fontconfig_2.15.0-2.3_amd64.deb ...
#33 660.2 Unpacking fontconfig (2.15.0-2.3) ...
#33 660.3 Selecting previously unselected package libfribidi0:amd64.
#33 660.3 Preparing to unpack .../078-libfribidi0_1.0.16-1_amd64.deb ...
#33 660.3 Unpacking libfribidi0:amd64 (1.0.16-1) ...
#33 660.3 Selecting previously unselected package libgraphite2-3:amd64.
#33 660.3 Preparing to unpack .../079-libgraphite2-3_1.3.14-2+deb13u1_amd64.deb ...
#33 660.3 Unpacking libgraphite2-3:amd64 (1.3.14-2+deb13u1) ...
#33 660.3 Selecting previously unselected package libharfbuzz0b:amd64.
#33 660.3 Preparing to unpack .../080-libharfbuzz0b_10.2.0-1+deb13u1_amd64.deb ...
#33 660.3 Unpacking libharfbuzz0b:amd64 (10.2.0-1+deb13u1) ...
#33 660.3 Selecting previously unselected package libthai-data.
#33 660.3 Preparing to unpack .../081-libthai-data_0.1.29-2_all.deb ...
#33 660.4 Unpacking libthai-data (0.1.29-2) ...
#33 660.4 Selecting previously unselected package libdatrie1:amd64.
#33 660.4 Preparing to unpack .../082-libdatrie1_0.2.13-3+b1_amd64.deb ...
#33 660.4 Unpacking libdatrie1:amd64 (0.2.13-3+b1) ...
#33 660.4 Selecting previously unselected package libthai0:amd64.
#33 660.4 Preparing to unpack .../083-libthai0_0.1.29-2+b1_amd64.deb ...
#33 660.4 Unpacking libthai0:amd64 (0.1.29-2+b1) ...
#33 660.4 Selecting previously unselected package libpango-1.0-0:amd64.
#33 660.4 Preparing to unpack .../084-libpango-1.0-0_1.56.3-1_amd64.deb ...
#33 660.4 Unpacking libpango-1.0-0:amd64 (1.56.3-1) ...
#33 660.5 Selecting previously unselected package libpangoft2-1.0-0:amd64.
#33 660.5 Preparing to unpack .../085-libpangoft2-1.0-0_1.56.3-1_amd64.deb ...
#33 660.5 Unpacking libpangoft2-1.0-0:amd64 (1.56.3-1) ...
#33 660.5 Selecting previously unselected package libpangocairo-1.0-0:amd64.
#33 660.5 Preparing to unpack .../086-libpangocairo-1.0-0_1.56.3-1_amd64.deb ...
#33 660.5 Unpacking libpangocairo-1.0-0:amd64 (1.56.3-1) ...
#33 660.5 Selecting previously unselected package librsvg2-2:amd64.
#33 660.5 Preparing to unpack .../087-librsvg2-2_2.60.0+dfsg-1_amd64.deb ...
#33 660.5 Unpacking librsvg2-2:amd64 (2.60.0+dfsg-1) ...
#33 660.6 Selecting previously unselected package libshine3:amd64.
#33 660.6 Preparing to unpack .../088-libshine3_3.1.1-2+b2_amd64.deb ...
#33 660.6 Unpacking libshine3:amd64 (3.1.1-2+b2) ...
#33 660.6 Selecting previously unselected package libsnappy1v5:amd64.
#33 660.6 Preparing to unpack .../089-libsnappy1v5_1.2.2-1_amd64.deb ...
#33 660.6 Unpacking libsnappy1v5:amd64 (1.2.2-1) ...
#33 660.6 Selecting previously unselected package libspeex1:amd64.
#33 660.6 Preparing to unpack .../090-libspeex1_1.2.1-3_amd64.deb ...
#33 660.6 Unpacking libspeex1:amd64 (1.2.1-3) ...
#33 660.7 Selecting previously unselected package libsvtav1enc2:amd64.
#33 660.7 Preparing to unpack .../091-libsvtav1enc2_2.3.0+dfsg-1_amd64.deb ...
#33 660.7 Unpacking libsvtav1enc2:amd64 (2.3.0+dfsg-1) ...
#33 660.8 Selecting previously unselected package libgomp1:amd64.
#33 660.8 Preparing to unpack .../092-libgomp1_14.2.0-19_amd64.deb ...
#33 660.8 Unpacking libgomp1:amd64 (14.2.0-19) ...
#33 660.8 Selecting previously unselected package libsoxr0:amd64.
#33 660.8 Preparing to unpack .../093-libsoxr0_0.1.3-4+b2_amd64.deb ...
#33 660.8 Unpacking libsoxr0:amd64 (0.1.3-4+b2) ...
#33 660.8 Selecting previously unselected package libswresample5:amd64.
#33 660.8 Preparing to unpack .../094-libswresample5_7%3a7.1.5-0+deb13u1_amd64.deb ...
#33 660.8 Unpacking libswresample5:amd64 (7:7.1.5-0+deb13u1) ...
#33 660.9 Selecting previously unselected package libtheoradec1:amd64.
#33 660.9 Preparing to unpack .../095-libtheoradec1_1.2.0~alpha1+dfsg-6_amd64.deb ...
#33 660.9 Unpacking libtheoradec1:amd64 (1.2.0~alpha1+dfsg-6) ...
#33 660.9 Selecting previously unselected package libogg0:amd64.
#33 660.9 Preparing to unpack .../096-libogg0_1.3.5-3+b2_amd64.deb ...
#33 660.9 Unpacking libogg0:amd64 (1.3.5-3+b2) ...
#33 660.9 Selecting previously unselected package libtheoraenc1:amd64.
#33 660.9 Preparing to unpack .../097-libtheoraenc1_1.2.0~alpha1+dfsg-6_amd64.deb ...
#33 660.9 Unpacking libtheoraenc1:amd64 (1.2.0~alpha1+dfsg-6) ...
#33 661.0 Selecting previously unselected package libtwolame0:amd64.
#33 661.0 Preparing to unpack .../098-libtwolame0_0.4.0-2+b2_amd64.deb ...
#33 661.0 Unpacking libtwolame0:amd64 (0.4.0-2+b2) ...
#33 661.0 Selecting previously unselected package libvorbis0a:amd64.
#33 661.0 Preparing to unpack .../099-libvorbis0a_1.3.7-3_amd64.deb ...
#33 661.0 Unpacking libvorbis0a:amd64 (1.3.7-3) ...
#33 661.0 Selecting previously unselected package libvorbisenc2:amd64.
#33 661.0 Preparing to unpack .../100-libvorbisenc2_1.3.7-3_amd64.deb ...
#33 661.0 Unpacking libvorbisenc2:amd64 (1.3.7-3) ...
#33 661.0 Selecting previously unselected package libvpx9:amd64.
#33 661.0 Preparing to unpack .../101-libvpx9_1.15.0-2.1+deb13u1_amd64.deb ...
#33 661.0 Unpacking libvpx9:amd64 (1.15.0-2.1+deb13u1) ...
#33 661.1 Selecting previously unselected package libwebpmux3:amd64.
#33 661.1 Preparing to unpack .../102-libwebpmux3_1.5.0-0.1_amd64.deb ...
#33 661.1 Unpacking libwebpmux3:amd64 (1.5.0-0.1) ...
#33 661.1 Selecting previously unselected package libx264-164:amd64.
#33 661.1 Preparing to unpack .../103-libx264-164_2%3a0.164.3108+git31e19f9-2+b1_amd64.deb ...
#33 661.1 Unpacking libx264-164:amd64 (2:0.164.3108+git31e19f9-2+b1) ...
#33 661.2 Selecting previously unselected package libnuma1:amd64.
#33 661.2 Preparing to unpack .../104-libnuma1_2.0.19-1_amd64.deb ...
#33 661.2 Unpacking libnuma1:amd64 (2.0.19-1) ...
#33 661.2 Selecting previously unselected package libx265-215:amd64.
#33 661.2 Preparing to unpack .../105-libx265-215_4.1-2_amd64.deb ...
#33 661.2 Unpacking libx265-215:amd64 (4.1-2) ...
#33 661.3 Selecting previously unselected package libxvidcore4:amd64.
#33 661.3 Preparing to unpack .../106-libxvidcore4_2%3a1.3.7-1+b2_amd64.deb ...
#33 661.3 Unpacking libxvidcore4:amd64 (2:1.3.7-1+b2) ...
#33 661.3 Selecting previously unselected package libzvbi-common.
#33 661.3 Preparing to unpack .../107-libzvbi-common_0.2.44-1_all.deb ...
#33 661.3 Unpacking libzvbi-common (0.2.44-1) ...
#33 661.3 Selecting previously unselected package libzvbi0t64:amd64.
#33 661.3 Preparing to unpack .../108-libzvbi0t64_0.2.44-1_amd64.deb ...
#33 661.3 Unpacking libzvbi0t64:amd64 (0.2.44-1) ...
#33 661.4 Selecting previously unselected package libavcodec61:amd64.
#33 661.4 Preparing to unpack .../109-libavcodec61_7%3a7.1.5-0+deb13u1_amd64.deb ...
#33 661.4 Unpacking libavcodec61:amd64 (7:7.1.5-0+deb13u1) ...
#33 661.6 Selecting previously unselected package libasound2-data.
#33 661.6 Preparing to unpack .../110-libasound2-data_1.2.14-1+deb13u1_all.deb ...
#33 661.6 Unpacking libasound2-data (1.2.14-1+deb13u1) ...
#33 661.6 Selecting previously unselected package libasound2t64:amd64.
#33 661.6 Preparing to unpack .../111-libasound2t64_1.2.14-1+deb13u1_amd64.deb ...
#33 661.6 Unpacking libasound2t64:amd64 (1.2.14-1+deb13u1) ...
#33 661.7 Selecting previously unselected package libraw1394-11:amd64.
#33 661.7 Preparing to unpack .../112-libraw1394-11_2.1.2-2+b2_amd64.deb ...
#33 661.7 Unpacking libraw1394-11:amd64 (2.1.2-2+b2) ...
#33 661.7 Selecting previously unselected package libavc1394-0:amd64.
#33 661.7 Preparing to unpack .../113-libavc1394-0_0.5.4-5+b2_amd64.deb ...
#33 661.7 Unpacking libavc1394-0:amd64 (0.5.4-5+b2) ...
#33 661.7 Selecting previously unselected package libunibreak6:amd64.
#33 661.7 Preparing to unpack .../114-libunibreak6_6.1-3_amd64.deb ...
#33 661.7 Unpacking libunibreak6:amd64 (6.1-3) ...
#33 661.7 Selecting previously unselected package libass9:amd64.
#33 661.7 Preparing to unpack .../115-libass9_1%3a0.17.3-1+deb13u1_amd64.deb ...
#33 661.8 Unpacking libass9:amd64 (1:0.17.3-1+deb13u1) ...
#33 661.8 Selecting previously unselected package libudfread0:amd64.
#33 661.8 Preparing to unpack .../116-libudfread0_1.1.2-1+b2_amd64.deb ...
#33 661.8 Unpacking libudfread0:amd64 (1.1.2-1+b2) ...
#33 661.8 Selecting previously unselected package libbluray2:amd64.
#33 661.8 Preparing to unpack .../117-libbluray2_1%3a1.3.4-1+b2_amd64.deb ...
#33 661.8 Unpacking libbluray2:amd64 (1:1.3.4-1+b2) ...
#33 661.8 Selecting previously unselected package libchromaprint1:amd64.
#33 661.8 Preparing to unpack .../118-libchromaprint1_1.5.1-7_amd64.deb ...
#33 661.8 Unpacking libchromaprint1:amd64 (1.5.1-7) ...
#33 661.9 Selecting previously unselected package libdvdread8t64:amd64.
#33 661.9 Preparing to unpack .../119-libdvdread8t64_6.1.3-2_amd64.deb ...
#33 661.9 Unpacking libdvdread8t64:amd64 (6.1.3-2) ...
#33 661.9 Selecting previously unselected package libdvdnav4:amd64.
#33 661.9 Preparing to unpack .../120-libdvdnav4_6.1.1-3+b1_amd64.deb ...
#33 661.9 Unpacking libdvdnav4:amd64 (6.1.1-3+b1) ...
#33 661.9 Selecting previously unselected package libgme0:amd64.
#33 661.9 Preparing to unpack .../121-libgme0_0.6.3-7+b2_amd64.deb ...
#33 661.9 Unpacking libgme0:amd64 (0.6.3-7+b2) ...
#33 661.9 Selecting previously unselected package libmpg123-0t64:amd64.
#33 661.9 Preparing to unpack .../122-libmpg123-0t64_1.32.10-1+deb13u1_amd64.deb ...
#33 661.9 Unpacking libmpg123-0t64:amd64 (1.32.10-1+deb13u1) ...
#33 662.0 Selecting previously unselected package libvorbisfile3:amd64.
#33 662.0 Preparing to unpack .../123-libvorbisfile3_1.3.7-3_amd64.deb ...
#33 662.0 Unpacking libvorbisfile3:amd64 (1.3.7-3) ...
#33 662.0 Selecting previously unselected package libopenmpt0t64:amd64.
#33 662.0 Preparing to unpack .../124-libopenmpt0t64_0.7.13-1+b1_amd64.deb ...
#33 662.0 Unpacking libopenmpt0t64:amd64 (0.7.13-1+b1) ...
#33 662.0 Selecting previously unselected package librabbitmq4:amd64.
#33 662.0 Preparing to unpack .../125-librabbitmq4_0.15.0-1+deb13u2_amd64.deb ...
#33 662.0 Unpacking librabbitmq4:amd64 (0.15.0-1+deb13u2) ...
#33 662.1 Selecting previously unselected package libcjson1:amd64.
#33 662.1 Preparing to unpack .../126-libcjson1_1.7.18-3.1+deb13u1_amd64.deb ...
#33 662.1 Unpacking libcjson1:amd64 (1.7.18-3.1+deb13u1) ...
#33 662.1 Selecting previously unselected package libmbedcrypto16:amd64.
#33 662.1 Preparing to unpack .../127-libmbedcrypto16_3.6.6-0.1~deb13u1_amd64.deb ...
#33 662.1 Unpacking libmbedcrypto16:amd64 (3.6.6-0.1~deb13u1) ...
#33 662.1 Selecting previously unselected package librist4:amd64.
#33 662.1 Preparing to unpack .../128-librist4_0.2.11+dfsg-1_amd64.deb ...
#33 662.1 Unpacking librist4:amd64 (0.2.11+dfsg-1) ...
#33 662.1 Selecting previously unselected package libsrt1.5-gnutls:amd64.
#33 662.1 Preparing to unpack .../129-libsrt1.5-gnutls_1.5.4-1+deb13u1_amd64.deb ...
#33 662.1 Unpacking libsrt1.5-gnutls:amd64 (1.5.4-1+deb13u1) ...
#33 662.2 Selecting previously unselected package libssh-4:amd64.
#33 662.2 Preparing to unpack .../130-libssh-4_0.11.5-0+deb13u1_amd64.deb ...
#33 662.2 Unpacking libssh-4:amd64 (0.11.5-0+deb13u1) ...
#33 662.2 Selecting previously unselected package libnorm1t64:amd64.
#33 662.2 Preparing to unpack .../131-libnorm1t64_1.5.9+dfsg-3.1+b2_amd64.deb ...
#33 662.2 Unpacking libnorm1t64:amd64 (1.5.9+dfsg-3.1+b2) ...
#33 662.2 Selecting previously unselected package libpgm-5.3-0t64:amd64.
#33 662.2 Preparing to unpack .../132-libpgm-5.3-0t64_5.3.128~dfsg-2.1+b1_amd64.deb ...
#33 662.2 Unpacking libpgm-5.3-0t64:amd64 (5.3.128~dfsg-2.1+b1) ...
#33 662.3 Selecting previously unselected package libsodium23:amd64.
#33 662.3 Preparing to unpack .../133-libsodium23_1.0.18-1+deb13u1_amd64.deb ...
#33 662.3 Unpacking libsodium23:amd64 (1.0.18-1+deb13u1) ...
#33 662.3 Selecting previously unselected package libzmq5:amd64.
#33 662.3 Preparing to unpack .../134-libzmq5_4.3.5-1+b3_amd64.deb ...
#33 662.3 Unpacking libzmq5:amd64 (4.3.5-1+b3) ...
#33 662.3 Selecting previously unselected package libavformat61:amd64.
#33 662.3 Preparing to unpack .../135-libavformat61_7%3a7.1.5-0+deb13u1_amd64.deb ...
#33 662.3 Unpacking libavformat61:amd64 (7:7.1.5-0+deb13u1) ...
#33 662.5 Selecting previously unselected package libbs2b0:amd64.
#33 662.5 Preparing to unpack .../136-libbs2b0_3.1.0+dfsg-8+b1_amd64.deb ...
#33 662.5 Unpacking libbs2b0:amd64 (3.1.0+dfsg-8+b1) ...
#33 662.5 Selecting previously unselected package libflite1:amd64.
#33 662.5 Preparing to unpack .../137-libflite1_2.2-7_amd64.deb ...
#33 662.5 Unpacking libflite1:amd64 (2.2-7) ...
#33 662.9 Selecting previously unselected package libserd-0-0:amd64.
#33 662.9 Preparing to unpack .../138-libserd-0-0_0.32.4-1_amd64.deb ...
#33 662.9 Unpacking libserd-0-0:amd64 (0.32.4-1) ...
#33 663.0 Selecting previously unselected package libzix-0-0:amd64.
#33 663.0 Preparing to unpack .../139-libzix-0-0_0.6.2-1_amd64.deb ...
#33 663.0 Unpacking libzix-0-0:amd64 (0.6.2-1) ...
#33 663.0 Selecting previously unselected package libsord-0-0:amd64.
#33 663.0 Preparing to unpack .../140-libsord-0-0_0.16.18-1_amd64.deb ...
#33 663.0 Unpacking libsord-0-0:amd64 (0.16.18-1) ...
#33 663.1 Selecting previously unselected package libsratom-0-0:amd64.
#33 663.1 Preparing to unpack .../141-libsratom-0-0_0.6.18-1_amd64.deb ...
#33 663.1 Unpacking libsratom-0-0:amd64 (0.6.18-1) ...
#33 663.1 Selecting previously unselected package liblilv-0-0:amd64.
#33 663.1 Preparing to unpack .../142-liblilv-0-0_0.24.26-1_amd64.deb ...
#33 663.1 Unpacking liblilv-0-0:amd64 (0.24.26-1) ...
#33 663.2 Selecting previously unselected package libmysofa1:amd64.
#33 663.2 Preparing to unpack .../143-libmysofa1_1.3.3+dfsg-1_amd64.deb ...
#33 663.2 Unpacking libmysofa1:amd64 (1.3.3+dfsg-1) ...
#33 663.2 Selecting previously unselected package libvulkan1:amd64.
#33 663.2 Preparing to unpack .../144-libvulkan1_1.4.309.0-1_amd64.deb ...
#33 663.2 Unpacking libvulkan1:amd64 (1.4.309.0-1) ...
#33 663.3 Selecting previously unselected package libplacebo349:amd64.
#33 663.3 Preparing to unpack .../145-libplacebo349_7.349.0-3_amd64.deb ...
#33 663.3 Unpacking libplacebo349:amd64 (7.349.0-3) ...
#33 663.4 Selecting previously unselected package libblas3:amd64.
#33 663.4 Preparing to unpack .../146-libblas3_3.12.1-6_amd64.deb ...
#33 663.4 Unpacking libblas3:amd64 (3.12.1-6) ...
#33 663.5 Selecting previously unselected package libgfortran5:amd64.
#33 663.5 Preparing to unpack .../147-libgfortran5_14.2.0-19_amd64.deb ...
#33 663.5 Unpacking libgfortran5:amd64 (14.2.0-19) ...
#33 663.6 Selecting previously unselected package liblapack3:amd64.
#33 663.6 Preparing to unpack .../148-liblapack3_3.12.1-6_amd64.deb ...
#33 663.6 Unpacking liblapack3:amd64 (3.12.1-6) ...
#33 663.7 Selecting previously unselected package libasyncns0:amd64.
#33 663.7 Preparing to unpack .../149-libasyncns0_0.8-6+b5_amd64.deb ...
#33 663.7 Unpacking libasyncns0:amd64 (0.8-6+b5) ...
#33 663.8 Selecting previously unselected package libdbus-1-3:amd64.
#33 663.8 Preparing to unpack .../150-libdbus-1-3_1.16.2-2_amd64.deb ...
#33 663.8 Unpacking libdbus-1-3:amd64 (1.16.2-2) ...
#33 663.8 Selecting previously unselected package libflac14:amd64.
#33 663.8 Preparing to unpack .../151-libflac14_1.5.0+ds-2_amd64.deb ...
#33 663.8 Unpacking libflac14:amd64 (1.5.0+ds-2) ...
#33 663.9 Selecting previously unselected package libsndfile1:amd64.
#33 663.9 Preparing to unpack .../152-libsndfile1_1.2.2-2+deb13u1_amd64.deb ...
#33 663.9 Unpacking libsndfile1:amd64 (1.2.2-2+deb13u1) ...
#33 663.9 Selecting previously unselected package libpulse0:amd64.
#33 663.9 Preparing to unpack .../153-libpulse0_17.0+dfsg1-2+b1_amd64.deb ...
#33 663.9 Unpacking libpulse0:amd64 (17.0+dfsg1-2+b1) ...
#33 664.0 Selecting previously unselected package libsphinxbase3t64:amd64.
#33 664.0 Preparing to unpack .../154-libsphinxbase3t64_0.8+5prealpha+1-21+b1_amd64.deb ...
#33 664.0 Unpacking libsphinxbase3t64:amd64 (0.8+5prealpha+1-21+b1) ...
#33 664.0 Selecting previously unselected package libpocketsphinx3:amd64.
#33 664.0 Preparing to unpack .../155-libpocketsphinx3_0.8+5prealpha+1-15+b4_amd64.deb ...
#33 664.0 Unpacking libpocketsphinx3:amd64 (0.8+5prealpha+1-15+b4) ...
#33 664.1 Selecting previously unselected package libpostproc58:amd64.
#33 664.1 Preparing to unpack .../156-libpostproc58_7%3a7.1.5-0+deb13u1_amd64.deb ...
#33 664.1 Unpacking libpostproc58:amd64 (7:7.1.5-0+deb13u1) ...
#33 664.2 Selecting previously unselected package libfftw3-double3:amd64.
#33 664.2 Preparing to unpack .../157-libfftw3-double3_3.3.10-2+b1_amd64.deb ...
#33 664.2 Unpacking libfftw3-double3:amd64 (3.3.10-2+b1) ...
#33 664.2 Selecting previously unselected package libsamplerate0:amd64.
#33 664.2 Preparing to unpack .../158-libsamplerate0_0.2.2-4+b2_amd64.deb ...
#33 664.2 Unpacking libsamplerate0:amd64 (0.2.2-4+b2) ...
#33 664.3 Selecting previously unselected package librubberband2:amd64.
#33 664.3 Preparing to unpack .../159-librubberband2_3.3.0+dfsg-2+b3_amd64.deb ...
#33 664.3 Unpacking librubberband2:amd64 (3.3.0+dfsg-2+b3) ...
#33 664.4 Selecting previously unselected package libswscale8:amd64.
#33 664.4 Preparing to unpack .../160-libswscale8_7%3a7.1.5-0+deb13u1_amd64.deb ...
#33 664.4 Unpacking libswscale8:amd64 (7:7.1.5-0+deb13u1) ...
#33 664.4 Selecting previously unselected package libvidstab1.1:amd64.
#33 664.4 Preparing to unpack .../161-libvidstab1.1_1.1.0-2+b2_amd64.deb ...
#33 664.4 Unpacking libvidstab1.1:amd64 (1.1.0-2+b2) ...
#33 664.5 Selecting previously unselected package libzimg2:amd64.
#33 664.5 Preparing to unpack .../162-libzimg2_3.0.5+ds1-1+b2_amd64.deb ...
#33 664.5 Unpacking libzimg2:amd64 (3.0.5+ds1-1+b2) ...
#33 664.5 Selecting previously unselected package libavfilter10:amd64.
#33 664.5 Preparing to unpack .../163-libavfilter10_7%3a7.1.5-0+deb13u1_amd64.deb ...
#33 664.5 Unpacking libavfilter10:amd64 (7:7.1.5-0+deb13u1) ...
#33 664.7 Selecting previously unselected package libslang2:amd64.
#33 664.7 Preparing to unpack .../164-libslang2_2.3.3-5+b2_amd64.deb ...
#33 664.7 Unpacking libslang2:amd64 (2.3.3-5+b2) ...
#33 664.8 Selecting previously unselected package libcaca0:amd64.
#33 664.8 Preparing to unpack .../165-libcaca0_0.99.beta20-5+deb13u1_amd64.deb ...
#33 664.8 Unpacking libcaca0:amd64 (0.99.beta20-5+deb13u1) ...
#33 664.9 Selecting previously unselected package libcdio19t64:amd64.
#33 664.9 Preparing to unpack .../166-libcdio19t64_2.2.0-4.1~deb13u1_amd64.deb ...
#33 664.9 Unpacking libcdio19t64:amd64 (2.2.0-4.1~deb13u1) ...
#33 664.9 Selecting previously unselected package libcdio-cdda2t64:amd64.
#33 664.9 Preparing to unpack .../167-libcdio-cdda2t64_10.2+2.0.2-1+b1_amd64.deb ...
#33 665.0 Unpacking libcdio-cdda2t64:amd64 (10.2+2.0.2-1+b1) ...
#33 665.0 Selecting previously unselected package libcdio-paranoia2t64:amd64.
#33 665.0 Preparing to unpack .../168-libcdio-paranoia2t64_10.2+2.0.2-1+b1_amd64.deb ...
#33 665.0 Unpacking libcdio-paranoia2t64:amd64 (10.2+2.0.2-1+b1) ...
#33 665.0 Selecting previously unselected package libusb-1.0-0:amd64.
#33 665.0 Preparing to unpack .../169-libusb-1.0-0_2%3a1.0.28-1_amd64.deb ...
#33 665.1 Unpacking libusb-1.0-0:amd64 (2:1.0.28-1) ...
#33 665.1 Selecting previously unselected package libdc1394-25:amd64.
#33 665.1 Preparing to unpack .../170-libdc1394-25_2.2.6-5_amd64.deb ...
#33 665.1 Unpacking libdc1394-25:amd64 (2.2.6-5) ...
#33 665.2 Selecting previously unselected package libglvnd0:amd64.
#33 665.2 Preparing to unpack .../171-libglvnd0_1.7.0-1+b2_amd64.deb ...
#33 665.2 Unpacking libglvnd0:amd64 (1.7.0-1+b2) ...
#33 665.2 Selecting previously unselected package libxcb-glx0:amd64.
#33 665.2 Preparing to unpack .../172-libxcb-glx0_1.17.0-2+b1_amd64.deb ...
#33 665.2 Unpacking libxcb-glx0:amd64 (1.17.0-2+b1) ...
#33 665.3 Selecting previously unselected package libxcb-present0:amd64.
#33 665.3 Preparing to unpack .../173-libxcb-present0_1.17.0-2+b1_amd64.deb ...
#33 665.3 Unpacking libxcb-present0:amd64 (1.17.0-2+b1) ...
#33 665.3 Selecting previously unselected package libxcb-xfixes0:amd64.
#33 665.3 Preparing to unpack .../174-libxcb-xfixes0_1.17.0-2+b1_amd64.deb ...
#33 665.3 Unpacking libxcb-xfixes0:amd64 (1.17.0-2+b1) ...
#33 665.4 Selecting previously unselected package libxxf86vm1:amd64.
#33 665.4 Preparing to unpack .../175-libxxf86vm1_1%3a1.1.4-1+b4_amd64.deb ...
#33 665.4 Unpacking libxxf86vm1:amd64 (1:1.1.4-1+b4) ...
#33 665.4 Selecting previously unselected package libdrm-amdgpu1:amd64.
#33 665.4 Preparing to unpack .../176-libdrm-amdgpu1_2.4.124-2_amd64.deb ...
#33 665.5 Unpacking libdrm-amdgpu1:amd64 (2.4.124-2) ...
#33 665.5 Selecting previously unselected package libpciaccess0:amd64.
#33 665.5 Preparing to unpack .../177-libpciaccess0_0.17-3+b3_amd64.deb ...
#33 665.5 Unpacking libpciaccess0:amd64 (0.17-3+b3) ...
#33 665.6 Selecting previously unselected package libdrm-intel1:amd64.
#33 665.6 Preparing to unpack .../178-libdrm-intel1_2.4.124-2_amd64.deb ...
#33 665.6 Unpacking libdrm-intel1:amd64 (2.4.124-2) ...
#33 665.6 Selecting previously unselected package libelf1t64:amd64.
#33 665.6 Preparing to unpack .../179-libelf1t64_0.192-4_amd64.deb ...
#33 665.6 Unpacking libelf1t64:amd64 (0.192-4) ...
#33 665.6 Selecting previously unselected package libedit2:amd64.
#33 665.6 Preparing to unpack .../180-libedit2_3.1-20250104-1_amd64.deb ...
#33 665.6 Unpacking libedit2:amd64 (3.1-20250104-1) ...
#33 665.7 Selecting previously unselected package libz3-4:amd64.
#33 665.7 Preparing to unpack .../181-libz3-4_4.13.3-1_amd64.deb ...
#33 665.7 Unpacking libz3-4:amd64 (4.13.3-1) ...
#33 666.0 Selecting previously unselected package libllvm19:amd64.
#33 666.0 Preparing to unpack .../182-libllvm19_1%3a19.1.7-3+b1_amd64.deb ...
#33 666.0 Unpacking libllvm19:amd64 (1:19.1.7-3+b1) ...
#33 666.6 Selecting previously unselected package libsensors-config.
#33 666.6 Preparing to unpack .../183-libsensors-config_1%3a3.6.2-2_all.deb ...
#33 666.6 Unpacking libsensors-config (1:3.6.2-2) ...
#33 666.6 Selecting previously unselected package libsensors5:amd64.
#33 666.6 Preparing to unpack .../184-libsensors5_1%3a3.6.2-2_amd64.deb ...
#33 666.6 Unpacking libsensors5:amd64 (1:3.6.2-2) ...
#33 666.7 Selecting previously unselected package libxcb-randr0:amd64.
#33 666.7 Preparing to unpack .../185-libxcb-randr0_1.17.0-2+b1_amd64.deb ...
#33 666.7 Unpacking libxcb-randr0:amd64 (1.17.0-2+b1) ...
#33 666.7 Selecting previously unselected package libxcb-sync1:amd64.
#33 666.7 Preparing to unpack .../186-libxcb-sync1_1.17.0-2+b1_amd64.deb ...
#33 666.7 Unpacking libxcb-sync1:amd64 (1.17.0-2+b1) ...
#33 666.8 Selecting previously unselected package libxshmfence1:amd64.
#33 666.8 Preparing to unpack .../187-libxshmfence1_1.3.3-1_amd64.deb ...
#33 666.8 Unpacking libxshmfence1:amd64 (1.3.3-1) ...
#33 666.8 Selecting previously unselected package mesa-libgallium:amd64.
#33 666.8 Preparing to unpack .../188-mesa-libgallium_25.0.7-2+deb13u1_amd64.deb ...
#33 666.8 Unpacking mesa-libgallium:amd64 (25.0.7-2+deb13u1) ...
#33 667.2 Selecting previously unselected package libwayland-server0:amd64.
#33 667.2 Preparing to unpack .../189-libwayland-server0_1.23.1-3_amd64.deb ...
#33 667.2 Unpacking libwayland-server0:amd64 (1.23.1-3) ...
#33 667.2 Selecting previously unselected package libgbm1:amd64.
#33 667.2 Preparing to unpack .../190-libgbm1_25.0.7-2+deb13u1_amd64.deb ...
#33 667.2 Unpacking libgbm1:amd64 (25.0.7-2+deb13u1) ...
#33 667.3 Selecting previously unselected package libgl1-mesa-dri:amd64.
#33 667.3 Preparing to unpack .../191-libgl1-mesa-dri_25.0.7-2+deb13u1_amd64.deb ...
#33 667.3 Unpacking libgl1-mesa-dri:amd64 (25.0.7-2+deb13u1) ...
#33 667.4 Selecting previously unselected package libglx-mesa0:amd64.
#33 667.4 Preparing to unpack .../192-libglx-mesa0_25.0.7-2+deb13u1_amd64.deb ...
#33 667.4 Unpacking libglx-mesa0:amd64 (25.0.7-2+deb13u1) ...
#33 667.4 Selecting previously unselected package libglx0:amd64.
#33 667.4 Preparing to unpack .../193-libglx0_1.7.0-1+b2_amd64.deb ...
#33 667.4 Unpacking libglx0:amd64 (1.7.0-1+b2) ...
#33 667.5 Selecting previously unselected package libgl1:amd64.
#33 667.5 Preparing to unpack .../194-libgl1_1.7.0-1+b2_amd64.deb ...
#33 667.5 Unpacking libgl1:amd64 (1.7.0-1+b2) ...
#33 667.5 Selecting previously unselected package libiec61883-0:amd64.
#33 667.5 Preparing to unpack .../195-libiec61883-0_1.2.0-7_amd64.deb ...
#33 667.5 Unpacking libiec61883-0:amd64 (1.2.0-7) ...
#33 667.6 Selecting previously unselected package libjack-jackd2-0:amd64.
#33 667.6 Preparing to unpack .../196-libjack-jackd2-0_1.9.22~dfsg-4_amd64.deb ...
#33 667.6 Unpacking libjack-jackd2-0:amd64 (1.9.22~dfsg-4) ...
#33 667.6 Selecting previously unselected package libopenal-data.
#33 667.6 Preparing to unpack .../197-libopenal-data_1%3a1.24.2-1_all.deb ...
#33 667.6 Unpacking libopenal-data (1:1.24.2-1) ...
#33 667.7 Selecting previously unselected package libopenal1:amd64.
#33 667.7 Preparing to unpack .../198-libopenal1_1%3a1.24.2-1_amd64.deb ...
#33 667.7 Unpacking libopenal1:amd64 (1:1.24.2-1) ...
#33 667.8 Selecting previously unselected package libwayland-client0:amd64.
#33 667.8 Preparing to unpack .../199-libwayland-client0_1.23.1-3_amd64.deb ...
#33 667.8 Unpacking libwayland-client0:amd64 (1.23.1-3) ...
#33 667.8 Selecting previously unselected package libdecor-0-0:amd64.
#33 667.8 Preparing to unpack .../200-libdecor-0-0_0.2.2-2_amd64.deb ...
#33 667.8 Unpacking libdecor-0-0:amd64 (0.2.2-2) ...
#33 667.9 Selecting previously unselected package libwayland-cursor0:amd64.
#33 667.9 Preparing to unpack .../201-libwayland-cursor0_1.23.1-3_amd64.deb ...
#33 667.9 Unpacking libwayland-cursor0:amd64 (1.23.1-3) ...
#33 667.9 Selecting previously unselected package libwayland-egl1:amd64.
#33 667.9 Preparing to unpack .../202-libwayland-egl1_1.23.1-3_amd64.deb ...
#33 667.9 Unpacking libwayland-egl1:amd64 (1.23.1-3) ...
#33 668.0 Selecting previously unselected package libxcursor1:amd64.
#33 668.0 Preparing to unpack .../203-libxcursor1_1%3a1.2.3-1_amd64.deb ...
#33 668.0 Unpacking libxcursor1:amd64 (1:1.2.3-1) ...
#33 668.0 Selecting previously unselected package libxi6:amd64.
#33 668.0 Preparing to unpack .../204-libxi6_2%3a1.8.2-1_amd64.deb ...
#33 668.0 Unpacking libxi6:amd64 (2:1.8.2-1) ...
#33 668.1 Selecting previously unselected package xkb-data.
#33 668.1 Preparing to unpack .../205-xkb-data_2.42-1_all.deb ...
#33 668.1 Unpacking xkb-data (2.42-1) ...
#33 668.2 Selecting previously unselected package libxkbcommon0:amd64.
#33 668.2 Preparing to unpack .../206-libxkbcommon0_1.7.0-2_amd64.deb ...
#33 668.2 Unpacking libxkbcommon0:amd64 (1.7.0-2) ...
#33 668.2 Selecting previously unselected package libxrandr2:amd64.
#33 668.2 Preparing to unpack .../207-libxrandr2_2%3a1.5.4-1+b3_amd64.deb ...
#33 668.2 Unpacking libxrandr2:amd64 (2:1.5.4-1+b3) ...
#33 668.3 Selecting previously unselected package x11-common.
#33 668.3 Preparing to unpack .../208-x11-common_1%3a7.7+24+deb13u1_all.deb ...
#33 668.3 Unpacking x11-common (1:7.7+24+deb13u1) ...
#33 668.3 Selecting previously unselected package libxss1:amd64.
#33 668.3 Preparing to unpack .../209-libxss1_1%3a1.2.3-1+b3_amd64.deb ...
#33 668.3 Unpacking libxss1:amd64 (1:1.2.3-1+b3) ...
#33 668.4 Selecting previously unselected package libsdl2-2.0-0:amd64.
#33 668.4 Preparing to unpack .../210-libsdl2-2.0-0_2.32.4+dfsg-1_amd64.deb ...
#33 668.4 Unpacking libsdl2-2.0-0:amd64 (2.32.4+dfsg-1) ...
#33 668.4 Selecting previously unselected package libxcb-shape0:amd64.
#33 668.5 Preparing to unpack .../211-libxcb-shape0_1.17.0-2+b1_amd64.deb ...
#33 668.5 Unpacking libxcb-shape0:amd64 (1.17.0-2+b1) ...
#33 668.5 Selecting previously unselected package libxv1:amd64.
#33 668.5 Preparing to unpack .../212-libxv1_2%3a1.0.11-1.1+b3_amd64.deb ...
#33 668.5 Unpacking libxv1:amd64 (2:1.0.11-1.1+b3) ...
#33 668.5 Selecting previously unselected package libavdevice61:amd64.
#33 668.5 Preparing to unpack .../213-libavdevice61_7%3a7.1.5-0+deb13u1_amd64.deb ...
#33 668.5 Unpacking libavdevice61:amd64 (7:7.1.5-0+deb13u1) ...
#33 668.6 Selecting previously unselected package ffmpeg.
#33 668.6 Preparing to unpack .../214-ffmpeg_7%3a7.1.5-0+deb13u1_amd64.deb ...
#33 668.6 Unpacking ffmpeg (7:7.1.5-0+deb13u1) ...
#33 668.7 Selecting previously unselected package libarchive13t64:amd64.
#33 668.7 Preparing to unpack .../215-libarchive13t64_3.7.4-4+deb13u1_amd64.deb ...
#33 668.7 Unpacking libarchive13t64:amd64 (3.7.4-4+deb13u1) ...
#33 668.7 Selecting previously unselected package libgif7:amd64.
#33 668.7 Preparing to unpack .../216-libgif7_5.2.2-1+deb13u1_amd64.deb ...
#33 668.7 Unpacking libgif7:amd64 (5.2.2-1+deb13u1) ...
#33 668.8 Selecting previously unselected package libicu76:amd64.
#33 668.8 Preparing to unpack .../217-libicu76_76.1-4_amd64.deb ...
#33 668.8 Unpacking libicu76:amd64 (76.1-4) ...
#33 669.1 Selecting previously unselected package libleptonica6:amd64.
#33 669.1 Preparing to unpack .../218-libleptonica6_1.84.1-4_amd64.deb ...
#33 669.1 Unpacking libleptonica6:amd64 (1.84.1-4) ...
#33 669.4 Selecting previously unselected package libtesseract5:amd64.
#33 669.4 Preparing to unpack .../219-libtesseract5_5.5.0-1+b1_amd64.deb ...
#33 669.5 Unpacking libtesseract5:amd64 (5.5.0-1+b1) ...
#33 670.0 Selecting previously unselected package tesseract-ocr-eng.
#33 670.0 Preparing to unpack .../220-tesseract-ocr-eng_1%3a4.1.0-2_all.deb ...
#33 670.0 Unpacking tesseract-ocr-eng (1:4.1.0-2) ...
#33 670.1 Selecting previously unselected package tesseract-ocr-osd.
#33 670.1 Preparing to unpack .../221-tesseract-ocr-osd_1%3a4.1.0-2_all.deb ...
#33 670.1 Unpacking tesseract-ocr-osd (1:4.1.0-2) ...
#33 670.3 Selecting previously unselected package tesseract-ocr.
#33 670.3 Preparing to unpack .../222-tesseract-ocr_5.5.0-1+b1_amd64.deb ...
#33 670.3 Unpacking tesseract-ocr (5.5.0-1+b1) ...
#33 670.4 Selecting previously unselected package tesseract-ocr-ara.
#33 670.4 Preparing to unpack .../223-tesseract-ocr-ara_1%3a4.1.0-2_all.deb ...
#33 670.4 Unpacking tesseract-ocr-ara (1:4.1.0-2) ...
#33 670.4 Selecting previously unselected package tesseract-ocr-fra.
#33 670.4 Preparing to unpack .../224-tesseract-ocr-fra_1%3a4.1.0-2_all.deb ...
#33 670.4 Unpacking tesseract-ocr-fra (1:4.1.0-2) ...
#33 670.5 Setting up libgme0:amd64 (0.6.3-7+b2) ...
#33 670.5 Setting up libchromaprint1:amd64 (1.5.1-7) ...
#33 670.5 Setting up libhwy1t64:amd64 (1.2.0-2+b2) ...
#33 670.6 Setting up libexpat1:amd64 (2.8.3-1~deb13u1) ...
#33 670.6 Setting up libgraphite2-3:amd64 (1.3.14-2+deb13u1) ...
#33 670.6 Setting up liblcms2-2:amd64 (2.16-2+deb13u2) ...
#33 670.6 Setting up libpixman-1-0:amd64 (0.44.0-3) ...
#33 670.6 Setting up libdvdread8t64:amd64 (6.1.3-2) ...
#33 670.7 Setting up libudfread0:amd64 (1.1.2-1+b2) ...
#33 670.7 Setting up libnorm1t64:amd64 (1.5.9+dfsg-3.1+b2) ...
#33 670.7 Setting up libsharpyuv0:amd64 (1.5.0-0.1) ...
#33 670.7 Setting up libwayland-server0:amd64 (1.23.1-3) ...
#33 670.7 Setting up libaom3:amd64 (3.12.1-1+deb13u1) ...
#33 670.7 Setting up libpciaccess0:amd64 (0.17-3+b3) ...
#33 670.8 Setting up librabbitmq4:amd64 (0.15.0-1+deb13u2) ...
#33 670.8 Setting up libxau6:amd64 (1:1.0.11-1) ...
#33 670.8 Setting up libxdmcp6:amd64 (1:1.1.5-1) ...
#33 670.8 Setting up libraw1394-11:amd64 (2.1.2-2+b2) ...
#33 670.8 Setting up libkeyutils1:amd64 (1.6.3-6) ...
#33 670.8 Setting up libxcb1:amd64 (1.17.0-2+b1) ...
#33 670.8 Setting up libsodium23:amd64 (1.0.18-1+deb13u1) ...
#33 670.8 Setting up libxcb-xfixes0:amd64 (1.17.0-2+b1) ...
#33 670.8 Setting up libogg0:amd64 (1.3.5-3+b2) ...
#33 670.8 Setting up liblerc4:amd64 (4.0.0+ds-5) ...
#33 670.8 Setting up libspeex1:amd64 (1.2.1-3) ...
#33 670.8 Setting up libshine3:amd64 (3.1.1-2+b2) ...
#33 670.8 Setting up libvpl2 (1:2.14.0-1+b1) ...
#33 670.8 Setting up libx264-164:amd64 (2:0.164.3108+git31e19f9-2+b1) ...
#33 670.8 Setting up libtwolame0:amd64 (0.4.0-2+b2) ...
#33 670.8 Setting up libdatrie1:amd64 (0.2.13-3+b1) ...
#33 670.9 Setting up libgsm1:amd64 (1.0.22-1+b2) ...
#33 670.9 Setting up libxcb-render0:amd64 (1.17.0-2+b1) ...
#33 670.9 Setting up libzix-0-0:amd64 (0.6.2-1) ...
#33 670.9 Setting up libglvnd0:amd64 (1.7.0-1+b2) ...
#33 670.9 Setting up libcodec2-1.2:amd64 (1.2.0-3) ...
#33 670.9 Setting up libxcb-glx0:amd64 (1.17.0-2+b1) ...
#33 670.9 Setting up libbrotli1:amd64 (1.1.0-2+b7) ...
#33 670.9 Setting up libedit2:amd64 (3.1-20250104-1) ...
#33 670.9 Setting up libgdk-pixbuf2.0-common (2.42.12+dfsg-4+deb13u1) ...
#33 670.9 Setting up libmysofa1:amd64 (1.3.3+dfsg-1) ...
#33 670.9 Setting up libxcb-shape0:amd64 (1.17.0-2+b1) ...
#33 670.9 Setting up x11-common (1:7.7+24+deb13u1) ...
#33 671.0 debconf: unable to initialize frontend: Dialog
#33 671.0 debconf: (TERM is not set, so the dialog frontend is not usable.)
#33 671.0 debconf: falling back to frontend: Readline
#33 671.0 debconf: unable to initialize frontend: Readline
#33 671.0 debconf: (Can't locate Term/ReadLine.pm in @INC (you may need to install the Term::ReadLine module) (@INC entries checked: /etc/perl /usr/local/lib/x86_64-linux-gnu/perl/5.40.1 /usr/local/share/perl/5.40.1 /usr/lib/x86_64-linux-gnu/perl5/5.40 /usr/share/perl5 /usr/lib/x86_64-linux-gnu/perl-base /usr/lib/x86_64-linux-gnu/perl/5.40 /usr/share/perl/5.40 /usr/local/lib/site_perl) at /usr/share/perl5/Debconf/FrontEnd/Readline.pm line 8.)
#33 671.0 debconf: falling back to frontend: Teletype
#33 671.0 debconf: unable to initialize frontend: Teletype
#33 671.0 debconf: (This frontend requires a controlling tty.)
#33 671.0 debconf: falling back to frontend: Noninteractive
#33 671.0 invoke-rc.d: could not determine current runlevel
#33 671.0 invoke-rc.d: policy-rc.d denied execution of start.
#33 671.1 Setting up libsensors-config (1:3.6.2-2) ...
#33 671.3 Setting up libnghttp2-14:amd64 (1.64.0-1.1+deb13u1) ...
#33 ...

#41 [text  6/10] RUN pip install --no-cache-dir -r /tmp/requirements.txt
#41 17.33 Collecting pydantic-core==2.46.5 (from pydantic==2.13.5->-r /tmp/requirements.txt (line 4))
#41 17.39   Downloading pydantic_core-2.46.5-cp312-cp312-manylinux_2_17_x86_64.manylinux2014_x86_64.whl.metadata (6.6 kB)
#41 17.46 Collecting pycountry (from schwifty==2026.7.3->-r /tmp/requirements.txt (line 7))
#41 17.51   Downloading pycountry-26.2.16-py3-none-any.whl.metadata (12 kB)
#41 17.58 Collecting rstr (from schwifty==2026.7.3->-r /tmp/requirements.txt (line 7))
#41 17.65   Downloading rstr-3.2.2-py3-none-any.whl.metadata (7.1 kB)
#41 17.73 Collecting pybind11>=2.2 (from fasttext==0.9.3->-r /tmp/requirements.txt (line 10))
#41 17.80   Downloading pybind11-3.1.0-py3-none-any.whl.metadata (10 kB)
#41 17.80 Requirement already satisfied: setuptools>=0.7.0 in /usr/local/lib/python3.12/site-packages (from fasttext==0.9.3->-r /tmp/requirements.txt (line 10)) (78.1.0)
#41 17.90 Collecting packaging>=20.0 (from transformers==5.18.0->-r /tmp/requirements.txt (line 11))
#41 17.96   Downloading packaging-26.3-py3-none-any.whl.metadata (3.5 kB)
#41 18.09 Collecting pyyaml>=5.1 (from transformers==5.18.0->-r /tmp/requirements.txt (line 11))
#41 18.16   Downloading pyyaml-6.0.3-cp312-cp312-manylinux2014_x86_64.manylinux_2_17_x86_64.manylinux_2_28_x86_64.whl.metadata (2.4 kB)
#41 20.42 Collecting regex>=2025.10.22 (from transformers==5.18.0->-r /tmp/requirements.txt (line 11))
#41 20.47   Downloading regex-2026.9.29-cp312-cp312-manylinux2014_x86_64.manylinux_2_17_x86_64.manylinux_2_28_x86_64.whl.metadata (40 kB)
#41 20.77 Collecting tokenizers<0.24.0,>=0.23.1 (from transformers==5.18.0->-r /tmp/requirements.txt (line 11))
#41 20.82   Downloading tokenizers-0.23.2-cp310-abi3-manylinux_2_17_x86_64.manylinux2014_x86_64.whl.metadata (9.8 kB)
#41 20.92 Collecting typer (from transformers==5.18.0->-r /tmp/requirements.txt (line 11))
#41 20.97   Downloading typer-0.27.2-py3-none-any.whl.metadata (16 kB)
#41 21.22 Collecting safetensors>=0.8.0 (from transformers==5.18.0->-r /tmp/requirements.txt (line 11))
#41 21.30   Downloading safetensors-0.8.0-cp310-abi3-manylinux_2_17_x86_64.manylinux2014_x86_64.whl.metadata (4.2 kB)
#41 21.46 Collecting tqdm>=4.60 (from transformers==5.18.0->-r /tmp/requirements.txt (line 11))
#41 21.52   Downloading tqdm-4.70.1-py3-none-any.whl.metadata (57 kB)
#41 21.55 Requirement already satisfied: filelock>=3.10.0 in /usr/local/lib/python3.12/site-packages (from huggingface-hub==2.1.1->-r /tmp/requirements.txt (line 12)) (3.32.3)
#41 21.55 Requirement already satisfied: fsspec>=2023.5.0 in /usr/local/lib/python3.12/site-packages (from huggingface-hub==2.1.1->-r /tmp/requirements.txt (line 12)) (2026.7.0)
#41 21.67 Collecting hf-xet<2.0.0,>=1.6.0 (from huggingface-hub==2.1.1->-r /tmp/requirements.txt (line 12))
#41 21.72   Downloading hf_xet-1.6.0-cp38-abi3-manylinux2014_x86_64.manylinux_2_17_x86_64.whl.metadata (4.9 kB)
#41 21.79 Collecting httpx2<3,>=2.0.0 (from huggingface-hub==2.1.1->-r /tmp/requirements.txt (line 12))
#41 21.85   Downloading httpx2-2.13.1-py3-none-any.whl.metadata (9.8 kB)
#41 21.93 Collecting iniconfig>=1.0.1 (from pytest==9.1.1->-r /tmp/requirements.txt (line 14))
#41 21.99   Downloading iniconfig-2.3.0-py3-none-any.whl.metadata (2.5 kB)
#41 22.06 Collecting pluggy<2,>=1.5 (from pytest==9.1.1->-r /tmp/requirements.txt (line 14))
#41 22.11   Downloading pluggy-1.6.0-py3-none-any.whl.metadata (4.8 kB)
#41 22.22 Collecting pygments>=2.7.2 (from pytest==9.1.1->-r /tmp/requirements.txt (line 14))
#41 22.28   Downloading pygments-2.21.0-py3-none-any.whl.metadata (2.5 kB)
#41 22.38 Collecting anyio (from httpx==0.28.1->-r /tmp/requirements.txt (line 15))
#41 22.47   Downloading anyio-4.15.1-py3-none-any.whl.metadata (4.7 kB)
#41 22.55 Collecting certifi (from httpx==0.28.1->-r /tmp/requirements.txt (line 15))
#41 22.60   Downloading certifi-2026.7.22-py3-none-any.whl.metadata (2.5 kB)
#41 22.70 Collecting httpcore==1.* (from httpx==0.28.1->-r /tmp/requirements.txt (line 15))
#41 22.75   Downloading httpcore-1.0.9-py3-none-any.whl.metadata (21 kB)
#41 22.85 Collecting idna (from httpx==0.28.1->-r /tmp/requirements.txt (line 15))
#41 22.91   Downloading idna-3.20-py3-none-any.whl.metadata (7.2 kB)
#41 23.00 Collecting httpcore2==2.13.1 (from httpx2<3,>=2.0.0->huggingface-hub==2.1.1->-r /tmp/requirements.txt (line 12))
#41 23.06   Downloading httpcore2-2.13.1-py3-none-any.whl.metadata (26 kB)
#41 23.14 Collecting truststore>=0.10 (from httpx2<3,>=2.0.0->huggingface-hub==2.1.1->-r /tmp/requirements.txt (line 12))
#41 23.19   Downloading truststore-0.10.4-py3-none-any.whl.metadata (4.4 kB)
#41 23.23 INFO: pip is looking at multiple versions of tokenizers to determine which version is compatible with other requirements. This could take a while.
#41 23.23 Collecting tokenizers<0.24.0,>=0.23.1 (from transformers==5.18.0->-r /tmp/requirements.txt (line 11))
#41 23.32   Downloading tokenizers-0.23.1-cp310-abi3-manylinux_2_17_x86_64.manylinux2014_x86_64.whl.metadata (9.8 kB)
#41 23.35 ERROR: Cannot install -r /tmp/requirements.txt (line 11), huggingface-hub==2.1.1 and transformers because these package versions have conflicting dependencies.
#41 23.35 
#41 23.35 The conflict is caused by:
#41 23.35     The user requested huggingface-hub==2.1.1
#41 23.35     transformers 5.18.0 depends on huggingface-hub<3.0 and >=1.31.0
#41 23.35     tokenizers 0.23.2 depends on huggingface-hub<2.0 and >=0.16.4
#41 23.35     The user requested huggingface-hub==2.1.1
#41 23.35     transformers 5.18.0 depends on huggingface-hub<3.0 and >=1.31.0
#41 23.35     tokenizers 0.23.1 depends on huggingface-hub<2.0 and >=0.16.4
#41 23.35 
#41 23.35 To fix this you could try to:
#41 23.35 1. loosen the range of package versions you've specified
#41 23.35 2. remove package versions to allow pip to attempt to solve the dependency conflict
#41 23.35 
#41 23.77 
#41 23.77 [notice] A new release of pip is available: 25.0.1 -> 26.2.1
#41 23.77 [notice] To update, run: pip install --upgrade pip
#41 23.77 ERROR: ResolutionImpossible: for help visit https://pip.pypa.io/en/latest/topics/dependency-resolution/#dealing-with-dependency-conflicts
#41 ERROR: process "/bin/sh -c pip install --no-cache-dir -r /tmp/requirements.txt" did not complete successfully: exit code: 1

#33 [media  2/12] RUN apt-get update && apt-get install -y --no-install-recommends ca-certificates curl ffmpeg       tesseract-ocr tesseract-ocr-eng tesseract-ocr-fra tesseract-ocr-ara  && rm -rf /var/lib/apt/lists/*
#33 671.3 Setting up libcdio19t64:amd64 (2.2.0-4.1~deb13u1) ...
#33 671.4 Setting up libdeflate0:amd64 (1.23-2) ...
#33 671.4 Setting up tesseract-ocr-eng (1:4.1.0-2) ...
#33 671.4 Setting up xkb-data (2.42-1) ...
#33 671.4 Setting up libxcb-shm0:amd64 (1.17.0-2+b1) ...
#33 671.4 Setting up libcom-err2:amd64 (1.47.2-3+b12) ...
#33 671.4 Setting up libmpg123-0t64:amd64 (1.32.10-1+deb13u1) ...
#33 671.4 Setting up tesseract-ocr-ara (1:4.1.0-2) ...
#33 671.4 Setting up libgomp1:amd64 (14.2.0-19) ...
#33 CANCELED
------
 > [text  6/10] RUN pip install --no-cache-dir -r /tmp/requirements.txt:
23.35     tokenizers 0.23.1 depends on huggingface-hub<2.0 and >=0.16.4
23.35 
23.35 To fix this you could try to:
23.35 1. loosen the range of package versions you've specified
23.35 2. remove package versions to allow pip to attempt to solve the dependency conflict
23.35 
23.77 
23.77 [notice] A new release of pip is available: 25.0.1 -> 26.2.1
23.77 [notice] To update, run: pip install --upgrade pip
23.77 ERROR: ResolutionImpossible: for help visit https://pip.pypa.io/en/latest/topics/dependency-resolution/#dealing-with-dependency-conflicts
------
Dockerfile:8
System.Management.Automation.RemoteException
--------------------
System.Management.Automation.RemoteException
   6 |     RUN pip install --no-cache-dir --index-url https://download.pytorch.org/whl/cpu torch==2.14.1
System.Management.Automation.RemoteException
   7 |     COPY text/requirements.txt /tmp/requirements.txt
System.Management.Automation.RemoteException
   8 | >>> RUN pip install --no-cache-dir -r /tmp/requirements.txt
System.Management.Automation.RemoteException
   9 |     COPY common/fs_common.py /app/fs_common.py
System.Management.Automation.RemoteException
  10 |     COPY text/*.py /app/
System.Management.Automation.RemoteException
--------------------
System.Management.Automation.RemoteException
target text: failed to solve: process "/bin/sh -c pip install --no-cache-dir -r /tmp/requirements.txt" did not complete successfully: exit code: 1
System.Management.Automation.RemoteException
System.Management.Automation.RemoteException
System.Management.Automation.RemoteException
View build details: docker-desktop://dashboard/build/default/default/z34ay04rwb29oyjgzpbcrxcpl
System.Management.Automation.RemoteException
exit=1 seconds=674.1
