verify.ps1 run 20260929-214259 on FIRAS

===== sync git history with flatshare.bundle =====
command: if (-not (Test-Path ".git")) { git init -q -b main }
    git fetch -q flatshare.bundle main
    $head = git rev-parse -q --verify HEAD 2>$null
    if (-not $head) { git reset -q --mixed FETCH_HEAD }
    else {
      git merge-base --is-ancestor HEAD FETCH_HEAD
      if ($LASTEXITCODE -eq 0) { git reset -q --mixed FETCH_HEAD } else { "local commits found: history left as it is" }
    }
    $global:LASTEXITCODE = 0
    git log --oneline -n 5
started: 2026-09-29T21:42:59.1447826+01:00
e906539 fix(infra): postgis 17-3.5 base image; verify.ps1 checks image tags and stops on failure
e72b61d test: wait for recovery after dependency outage tests
56539c9 chore: ship history as a git bundle; verify.ps1 restores it
bb5bfb6 feat(infra): compose stack, postgres image, Windows setup/verify scripts; docs and phase 0-1 evidence
d8aae46 feat(gateway): n8n gateway, health, users/sync, error handler; Caddy proxy; contract and unit tests
exit=0 seconds=0.3

===== GPU visible to Docker (docker run --gpus all ... nvidia-smi) =====
command: docker run --rm --gpus all ubuntu:24.04 nvidia-smi -L
started: 2026-09-29T21:42:59.4682563+01:00
GPU 0: NVIDIA GeForce GTX 1650 with Max-Q Design (UUID: GPU-ee1b4c30-d658-6a46-7bfb-e81ac22f9265)
exit=0 seconds=1.6
gpu_override=True

===== docker and compose versions =====
command: docker version --format "client {{.Client.Version}} server {{.Server.Version}}"; docker compose version
started: 2026-09-29T21:43:01.0318161+01:00
client 29.7.2 server 29.7.2
Docker Compose version v5.4.0
exit=0 seconds=0.2

===== free disk space (Docker Desktop stores images on C: by default; about 10 GB is needed) =====
command: Get-PSDrive -PSProvider FileSystem | Where-Object { $_.Used -ne $null } | ForEach-Object { "{0}: {1:N1} GB free" -f $_.Name, ($_.Free / 1GB) }
started: 2026-09-29T21:43:01.2222102+01:00
C: 13.8 GB free
D: 130.6 GB free
E: 3.9 GB free
exit=0 seconds=0.3

===== compose config is valid =====
command: docker compose @files config -q
started: 2026-09-29T21:43:01.5192476+01:00
exit=0 seconds=0.1

===== every pinned image tag exists in its registry =====
command: $bad = 0
  foreach ($img in @("postgis/postgis:17-3.5", "amacneil/dbmate:2.36.0", "dxflrs/garage:v2.4.1", "ollama/ollama:0.34.4",
                     "n8nio/n8n:2.41.3", "n8nio/runners:2.41.3", "caddy:2.11.4-alpine", "python:3.12.14-slim", "docker:29.8.1-cli")) {
    docker manifest inspect $img *> $null
    if ($LASTEXITCODE -eq 0) { "found    $img" } else { "MISSING  $img"; $bad++ }
  }
  $global:LASTEXITCODE = $bad
started: 2026-09-29T21:43:01.6628869+01:00
found    postgis/postgis:17-3.5
found    amacneil/dbmate:2.36.0
found    dxflrs/garage:v2.4.1
found    ollama/ollama:0.34.4
found    n8nio/n8n:2.41.3
found    n8nio/runners:2.41.3
found    caddy:2.11.4-alpine
found    python:3.12.14-slim
found    docker:29.8.1-cli
exit=0 seconds=79.1

===== build images =====
command: docker compose @files --profile test build
started: 2026-09-29T21:44:20.8096934+01:00
 Image flatshare/tests:py3.12.14 Building 
 Image flatshare/postgres:17-3.5-pgvector0.8.6 Building 
#1 [internal] load local bake definitions
#1 reading from stdin 1.04kB done
#1 DONE 0.0s

#2 [postgres internal] load build definition from Dockerfile
#2 transferring dockerfile: 1.02kB done
#2 DONE 0.0s

#3 [tests internal] load build definition from Dockerfile
#3 transferring dockerfile: 599B done
#3 DONE 0.0s

#4 [auth] amacneil/dbmate:pull token for registry-1.docker.io
#4 DONE 0.0s

#5 [auth] postgis/postgis:pull token for registry-1.docker.io
#5 DONE 0.0s

#6 [auth] library/docker:pull token for registry-1.docker.io
#6 DONE 0.0s

#7 [auth] library/python:pull token for registry-1.docker.io
#7 DONE 0.0s

#8 [tests internal] load metadata for docker.io/library/python:3.12.14-slim
#8 ...

#9 [postgres internal] load metadata for docker.io/amacneil/dbmate:2.36.0
#9 DONE 1.8s

#10 [tests internal] load metadata for docker.io/library/docker:29.8.1-cli
#10 DONE 1.8s

#8 [tests internal] load metadata for docker.io/library/python:3.12.14-slim
#8 DONE 1.8s

#11 [postgres internal] load metadata for docker.io/postgis/postgis:17-3.5
#11 DONE 1.8s

#12 [tests internal] load .dockerignore
#12 transferring context: 2B done
#12 DONE 0.0s

#13 [postgres internal] load .dockerignore
#13 transferring context: 2B done
#13 DONE 0.0s

#14 [tests internal] load build context
#14 DONE 0.0s

#15 [tests stage-1 1/6] FROM docker.io/library/python:3.12.14-slim@sha256:f77ac9e44ae96ef2c90b8053ea08c31f8be030f824196b0ae4db6d462c84e51f
#15 resolve docker.io/library/python:3.12.14-slim@sha256:f77ac9e44ae96ef2c90b8053ea08c31f8be030f824196b0ae4db6d462c84e51f 0.0s done
#15 DONE 0.0s

#16 [postgres dbmate 1/1] FROM docker.io/amacneil/dbmate:2.36.0@sha256:520c740c6e0ad73fde2cd1ea7e2b779aaf789d22aca8858f87a478e7094535fb
#16 resolve docker.io/amacneil/dbmate:2.36.0@sha256:520c740c6e0ad73fde2cd1ea7e2b779aaf789d22aca8858f87a478e7094535fb
#16 resolve docker.io/amacneil/dbmate:2.36.0@sha256:520c740c6e0ad73fde2cd1ea7e2b779aaf789d22aca8858f87a478e7094535fb 0.0s done
#16 DONE 0.2s

#14 [tests internal] load build context
#14 transferring context: 185B done
#14 DONE 0.1s

#17 [postgres stage-1 1/4] FROM docker.io/postgis/postgis:17-3.5@sha256:01a6a70e41e6c4467c8f55f6063555ed72db2d6662cd0d571040d42eadaeb6f6
#17 resolve docker.io/postgis/postgis:17-3.5@sha256:01a6a70e41e6c4467c8f55f6063555ed72db2d6662cd0d571040d42eadaeb6f6 0.0s done
#17 ...

#15 [tests stage-1 1/6] FROM docker.io/library/python:3.12.14-slim@sha256:f77ac9e44ae96ef2c90b8053ea08c31f8be030f824196b0ae4db6d462c84e51f
#15 sha256:06ad939ed42b51caafb25b14810875d14e0ee0c441d3e2e5e46475fb8c150bca 249B / 249B 0.2s done
#15 sha256:b0dc7f87bef15c2536cb182d6c48b52f90a0522884ec9eb222f833fa97ffebf0 1.05MB / 12.12MB 5.1s
#15 sha256:3764a9a7d1e8a98213ab2201a41dbf3da9c60240ea35a5ea96ab994555070a70 1.29MB / 1.29MB 2.6s done
#15 sha256:6b37362b3da78869050b894b799ad4df04f1f3b52774087db0d81151570244c8 0B / 29.83MB 2.3s
#15 sha256:6b37362b3da78869050b894b799ad4df04f1f3b52774087db0d81151570244c8 2.10MB / 29.83MB 4.7s
#15 sha256:b0dc7f87bef15c2536cb182d6c48b52f90a0522884ec9eb222f833fa97ffebf0 2.10MB / 12.12MB 8.7s
#15 ...

#18 [tests docker 1/1] FROM docker.io/library/docker:29.8.1-cli@sha256:018edbc908e08fcc9dbf029c812c34251e9b4719e6f71ca0e5eae2a987d014ca
#18 resolve docker.io/library/docker:29.8.1-cli@sha256:018edbc908e08fcc9dbf029c812c34251e9b4719e6f71ca0e5eae2a987d014ca 0.0s done
#18 ...

#16 [postgres dbmate 1/1] FROM docker.io/amacneil/dbmate:2.36.0@sha256:520c740c6e0ad73fde2cd1ea7e2b779aaf789d22aca8858f87a478e7094535fb
#16 sha256:46ecdff3e1681617c014abe4490e56d35ab95aff63fa768fb55d7f32f8bc3332 7.34MB / 12.51MB 10.1s
#16 sha256:ccad9b8b5ce9342ea4bdfef999195e14679c88e9bb18cbdb0f5d906474336508 1.05MB / 15.06MB 9.9s
#16 ...

#15 [tests stage-1 1/6] FROM docker.io/library/python:3.12.14-slim@sha256:f77ac9e44ae96ef2c90b8053ea08c31f8be030f824196b0ae4db6d462c84e51f
#15 sha256:6b37362b3da78869050b894b799ad4df04f1f3b52774087db0d81151570244c8 3.15MB / 29.83MB 9.7s
#15 sha256:b0dc7f87bef15c2536cb182d6c48b52f90a0522884ec9eb222f833fa97ffebf0 2.10MB / 12.12MB 13.8s
#15 sha256:6b37362b3da78869050b894b799ad4df04f1f3b52774087db0d81151570244c8 5.24MB / 29.83MB 12.0s
#15 sha256:b0dc7f87bef15c2536cb182d6c48b52f90a0522884ec9eb222f833fa97ffebf0 3.15MB / 12.12MB 15.4s
#15 sha256:6b37362b3da78869050b894b799ad4df04f1f3b52774087db0d81151570244c8 7.34MB / 29.83MB 15.7s
#15 ...

#16 [postgres dbmate 1/1] FROM docker.io/amacneil/dbmate:2.36.0@sha256:520c740c6e0ad73fde2cd1ea7e2b779aaf789d22aca8858f87a478e7094535fb
#16 sha256:46ecdff3e1681617c014abe4490e56d35ab95aff63fa768fb55d7f32f8bc3332 12.51MB / 12.51MB 17.3s done
#16 sha256:ccad9b8b5ce9342ea4bdfef999195e14679c88e9bb18cbdb0f5d906474336508 3.15MB / 15.06MB 20.1s
#16 ...

#15 [tests stage-1 1/6] FROM docker.io/library/python:3.12.14-slim@sha256:f77ac9e44ae96ef2c90b8053ea08c31f8be030f824196b0ae4db6d462c84e51f
#15 sha256:b0dc7f87bef15c2536cb182d6c48b52f90a0522884ec9eb222f833fa97ffebf0 3.15MB / 12.12MB 20.6s
#15 sha256:b0dc7f87bef15c2536cb182d6c48b52f90a0522884ec9eb222f833fa97ffebf0 4.19MB / 12.12MB 21.6s
#15 sha256:6b37362b3da78869050b894b799ad4df04f1f3b52774087db0d81151570244c8 8.39MB / 29.83MB 20.8s
#15 sha256:b0dc7f87bef15c2536cb182d6c48b52f90a0522884ec9eb222f833fa97ffebf0 5.24MB / 12.12MB 26.2s
#15 ...

#18 [tests docker 1/1] FROM docker.io/library/docker:29.8.1-cli@sha256:018edbc908e08fcc9dbf029c812c34251e9b4719e6f71ca0e5eae2a987d014ca
#18 sha256:d1588276fcb5a60fb65f1e8ca22832df2948df6c7ab4b3539095230701b41e4a 116B / 116B 0.3s done
#18 sha256:42e2b8e363b8b33f8120e3e40bb62f8bfa61b15111099495d22f05452820a364 1.00kB / 1.00kB 0.3s done
#18 sha256:b8d17cde835025617a8f620e8a94921d0e470c663ddbdb27cd90b558b958fb1d 534B / 534B 0.3s done
#18 sha256:4e75e082420c2ecb7a4711e89a2e6160c0a678832ec54169694c305d05e90b2b 7.34MB / 11.20MB 9.5s
#18 sha256:4e75e082420c2ecb7a4711e89a2e6160c0a678832ec54169694c305d05e90b2b 8.39MB / 11.20MB 9.6s
#18 ...

#15 [tests stage-1 1/6] FROM docker.io/library/python:3.12.14-slim@sha256:f77ac9e44ae96ef2c90b8053ea08c31f8be030f824196b0ae4db6d462c84e51f
#15 sha256:6b37362b3da78869050b894b799ad4df04f1f3b52774087db0d81151570244c8 9.44MB / 29.83MB 26.0s
#15 ...

#16 [postgres dbmate 1/1] FROM docker.io/amacneil/dbmate:2.36.0@sha256:520c740c6e0ad73fde2cd1ea7e2b779aaf789d22aca8858f87a478e7094535fb
#16 sha256:ccad9b8b5ce9342ea4bdfef999195e14679c88e9bb18cbdb0f5d906474336508 4.19MB / 15.06MB 30.3s
#16 ...

#15 [tests stage-1 1/6] FROM docker.io/library/python:3.12.14-slim@sha256:f77ac9e44ae96ef2c90b8053ea08c31f8be030f824196b0ae4db6d462c84e51f
#15 sha256:b0dc7f87bef15c2536cb182d6c48b52f90a0522884ec9eb222f833fa97ffebf0 6.29MB / 12.12MB 31.4s
#15 sha256:6b37362b3da78869050b894b799ad4df04f1f3b52774087db0d81151570244c8 10.49MB / 29.83MB 31.0s
#15 sha256:b0dc7f87bef15c2536cb182d6c48b52f90a0522884ec9eb222f833fa97ffebf0 7.34MB / 12.12MB 35.8s
#15 ...

#18 [tests docker 1/1] FROM docker.io/library/docker:29.8.1-cli@sha256:018edbc908e08fcc9dbf029c812c34251e9b4719e6f71ca0e5eae2a987d014ca
#18 sha256:4e75e082420c2ecb7a4711e89a2e6160c0a678832ec54169694c305d05e90b2b 11.20MB / 11.20MB 12.8s done
#18 sha256:a101e4c098be7f9cbf60b932a2bb746557324749d63240e77e5d7fceb8226d18 5.24MB / 23.06MB 6.9s
#18 ...

#15 [tests stage-1 1/6] FROM docker.io/library/python:3.12.14-slim@sha256:f77ac9e44ae96ef2c90b8053ea08c31f8be030f824196b0ae4db6d462c84e51f
#15 sha256:6b37362b3da78869050b894b799ad4df04f1f3b52774087db0d81151570244c8 11.53MB / 29.83MB 36.1s
#15 sha256:b0dc7f87bef15c2536cb182d6c48b52f90a0522884ec9eb222f833fa97ffebf0 8.39MB / 12.12MB 39.3s
#15 ...

#16 [postgres dbmate 1/1] FROM docker.io/amacneil/dbmate:2.36.0@sha256:520c740c6e0ad73fde2cd1ea7e2b779aaf789d22aca8858f87a478e7094535fb
#16 sha256:ccad9b8b5ce9342ea4bdfef999195e14679c88e9bb18cbdb0f5d906474336508 6.29MB / 15.06MB 40.6s
#16 ...

#15 [tests stage-1 1/6] FROM docker.io/library/python:3.12.14-slim@sha256:f77ac9e44ae96ef2c90b8053ea08c31f8be030f824196b0ae4db6d462c84e51f
#15 sha256:b0dc7f87bef15c2536cb182d6c48b52f90a0522884ec9eb222f833fa97ffebf0 9.44MB / 12.12MB 43.5s
#15 sha256:6b37362b3da78869050b894b799ad4df04f1f3b52774087db0d81151570244c8 12.58MB / 29.83MB 41.2s
#15 ...

#18 [tests docker 1/1] FROM docker.io/library/docker:29.8.1-cli@sha256:018edbc908e08fcc9dbf029c812c34251e9b4719e6f71ca0e5eae2a987d014ca
#18 sha256:a101e4c098be7f9cbf60b932a2bb746557324749d63240e77e5d7fceb8226d18 11.53MB / 23.06MB 17.1s
#18 ...

#15 [tests stage-1 1/6] FROM docker.io/library/python:3.12.14-slim@sha256:f77ac9e44ae96ef2c90b8053ea08c31f8be030f824196b0ae4db6d462c84e51f
#15 sha256:b0dc7f87bef15c2536cb182d6c48b52f90a0522884ec9eb222f833fa97ffebf0 10.49MB / 12.12MB 48.1s
#15 sha256:6b37362b3da78869050b894b799ad4df04f1f3b52774087db0d81151570244c8 13.63MB / 29.83MB 46.3s
#15 ...

#16 [postgres dbmate 1/1] FROM docker.io/amacneil/dbmate:2.36.0@sha256:520c740c6e0ad73fde2cd1ea7e2b779aaf789d22aca8858f87a478e7094535fb
#16 sha256:ccad9b8b5ce9342ea4bdfef999195e14679c88e9bb18cbdb0f5d906474336508 7.34MB / 15.06MB 51.0s
#16 ...

#15 [tests stage-1 1/6] FROM docker.io/library/python:3.12.14-slim@sha256:f77ac9e44ae96ef2c90b8053ea08c31f8be030f824196b0ae4db6d462c84e51f
#15 sha256:b0dc7f87bef15c2536cb182d6c48b52f90a0522884ec9eb222f833fa97ffebf0 11.53MB / 12.12MB 52.2s
#15 sha256:6b37362b3da78869050b894b799ad4df04f1f3b52774087db0d81151570244c8 15.73MB / 29.83MB 50.4s
#15 sha256:b0dc7f87bef15c2536cb182d6c48b52f90a0522884ec9eb222f833fa97ffebf0 12.12MB / 12.12MB 53.9s done
#15 ...

#18 [tests docker 1/1] FROM docker.io/library/docker:29.8.1-cli@sha256:018edbc908e08fcc9dbf029c812c34251e9b4719e6f71ca0e5eae2a987d014ca
#18 sha256:a101e4c098be7f9cbf60b932a2bb746557324749d63240e77e5d7fceb8226d18 17.83MB / 23.06MB 27.3s
#18 sha256:35795b4c35e2b5056c7d2a7f183987cd418aa2c20639be490f433291162b3cab 1.05MB / 20.25MB 4.4s
#18 ...

#16 [postgres dbmate 1/1] FROM docker.io/amacneil/dbmate:2.36.0@sha256:520c740c6e0ad73fde2cd1ea7e2b779aaf789d22aca8858f87a478e7094535fb
#16 sha256:ccad9b8b5ce9342ea4bdfef999195e14679c88e9bb18cbdb0f5d906474336508 9.44MB / 15.06MB 61.3s
#16 ...

#18 [tests docker 1/1] FROM docker.io/library/docker:29.8.1-cli@sha256:018edbc908e08fcc9dbf029c812c34251e9b4719e6f71ca0e5eae2a987d014ca
#18 sha256:a101e4c098be7f9cbf60b932a2bb746557324749d63240e77e5d7fceb8226d18 19.92MB / 23.06MB 30.6s
#18 sha256:35795b4c35e2b5056c7d2a7f183987cd418aa2c20639be490f433291162b3cab 2.10MB / 20.25MB 8.0s
#18 sha256:a101e4c098be7f9cbf60b932a2bb746557324749d63240e77e5d7fceb8226d18 22.02MB / 23.06MB 33.7s
#18 sha256:35795b4c35e2b5056c7d2a7f183987cd418aa2c20639be490f433291162b3cab 3.15MB / 20.25MB 12.9s
#18 sha256:a101e4c098be7f9cbf60b932a2bb746557324749d63240e77e5d7fceb8226d18 23.06MB / 23.06MB 36.1s done
#18 sha256:77a41eff6a9611e931c7cdb9c2a26a592a035a87d4a40d5d8ec9a531e0127939 0B / 455B 0.2s
#18 sha256:77a41eff6a9611e931c7cdb9c2a26a592a035a87d4a40d5d8ec9a531e0127939 455B / 455B 0.2s done
#18 sha256:c76a910ce805a1082e59aa660bc6a20c52b6d9e6551794b595a1f5b79af3a8e2 0B / 8.20MB 0.2s
#18 ...

#15 [tests stage-1 1/6] FROM docker.io/library/python:3.12.14-slim@sha256:f77ac9e44ae96ef2c90b8053ea08c31f8be030f824196b0ae4db6d462c84e51f
#15 sha256:6b37362b3da78869050b894b799ad4df04f1f3b52774087db0d81151570244c8 18.87MB / 29.83MB 65.4s
#15 ...

#18 [tests docker 1/1] FROM docker.io/library/docker:29.8.1-cli@sha256:018edbc908e08fcc9dbf029c812c34251e9b4719e6f71ca0e5eae2a987d014ca
#18 sha256:35795b4c35e2b5056c7d2a7f183987cd418aa2c20639be490f433291162b3cab 4.19MB / 20.25MB 15.9s
#18 sha256:c76a910ce805a1082e59aa660bc6a20c52b6d9e6551794b595a1f5b79af3a8e2 1.05MB / 8.20MB 2.7s
#18 ...

#16 [postgres dbmate 1/1] FROM docker.io/amacneil/dbmate:2.36.0@sha256:520c740c6e0ad73fde2cd1ea7e2b779aaf789d22aca8858f87a478e7094535fb
#16 sha256:ccad9b8b5ce9342ea4bdfef999195e14679c88e9bb18cbdb0f5d906474336508 12.58MB / 15.06MB 71.7s
#16 ...

#18 [tests docker 1/1] FROM docker.io/library/docker:29.8.1-cli@sha256:018edbc908e08fcc9dbf029c812c34251e9b4719e6f71ca0e5eae2a987d014ca
#18 sha256:c76a910ce805a1082e59aa660bc6a20c52b6d9e6551794b595a1f5b79af3a8e2 2.10MB / 8.20MB 4.8s
#18 sha256:35795b4c35e2b5056c7d2a7f183987cd418aa2c20639be490f433291162b3cab 5.24MB / 20.25MB 19.3s
#18 sha256:c76a910ce805a1082e59aa660bc6a20c52b6d9e6551794b595a1f5b79af3a8e2 3.15MB / 8.20MB 7.7s
#18 sha256:35795b4c35e2b5056c7d2a7f183987cd418aa2c20639be490f433291162b3cab 6.29MB / 20.25MB 23.2s
#18 sha256:c76a910ce805a1082e59aa660bc6a20c52b6d9e6551794b595a1f5b79af3a8e2 4.19MB / 8.20MB 10.8s
#18 ...

#15 [tests stage-1 1/6] FROM docker.io/library/python:3.12.14-slim@sha256:f77ac9e44ae96ef2c90b8053ea08c31f8be030f824196b0ae4db6d462c84e51f
#15 sha256:6b37362b3da78869050b894b799ad4df04f1f3b52774087db0d81151570244c8 23.07MB / 29.83MB 75.6s
#15 ...

#18 [tests docker 1/1] FROM docker.io/library/docker:29.8.1-cli@sha256:018edbc908e08fcc9dbf029c812c34251e9b4719e6f71ca0e5eae2a987d014ca
#18 sha256:35795b4c35e2b5056c7d2a7f183987cd418aa2c20639be490f433291162b3cab 7.34MB / 20.25MB 26.9s
#18 sha256:c76a910ce805a1082e59aa660bc6a20c52b6d9e6551794b595a1f5b79af3a8e2 5.24MB / 8.20MB 14.6s
#18 ...

#16 [postgres dbmate 1/1] FROM docker.io/amacneil/dbmate:2.36.0@sha256:520c740c6e0ad73fde2cd1ea7e2b779aaf789d22aca8858f87a478e7094535fb
#16 sha256:ccad9b8b5ce9342ea4bdfef999195e14679c88e9bb18cbdb0f5d906474336508 14.68MB / 15.06MB 82.0s
#16 ...

#18 [tests docker 1/1] FROM docker.io/library/docker:29.8.1-cli@sha256:018edbc908e08fcc9dbf029c812c34251e9b4719e6f71ca0e5eae2a987d014ca
#18 ...

#16 [postgres dbmate 1/1] FROM docker.io/amacneil/dbmate:2.36.0@sha256:520c740c6e0ad73fde2cd1ea7e2b779aaf789d22aca8858f87a478e7094535fb
#16 sha256:ccad9b8b5ce9342ea4bdfef999195e14679c88e9bb18cbdb0f5d906474336508 15.06MB / 15.06MB 82.8s done
#16 extracting sha256:ccad9b8b5ce9342ea4bdfef999195e14679c88e9bb18cbdb0f5d906474336508 0.3s done
#16 DONE 83.3s

#18 [tests docker 1/1] FROM docker.io/library/docker:29.8.1-cli@sha256:018edbc908e08fcc9dbf029c812c34251e9b4719e6f71ca0e5eae2a987d014ca
#18 sha256:e2de96513ba9eb53b431787ec8a65cdde380ac4772a3e4c4b714dcfde2a102b5 0B / 3.85MB 0.2s
#18 ...

#16 [postgres dbmate 1/1] FROM docker.io/amacneil/dbmate:2.36.0@sha256:520c740c6e0ad73fde2cd1ea7e2b779aaf789d22aca8858f87a478e7094535fb
#16 extracting sha256:46ecdff3e1681617c014abe4490e56d35ab95aff63fa768fb55d7f32f8bc3332 0.2s done
#16 DONE 83.4s

#18 [tests docker 1/1] FROM docker.io/library/docker:29.8.1-cli@sha256:018edbc908e08fcc9dbf029c812c34251e9b4719e6f71ca0e5eae2a987d014ca
#18 sha256:35795b4c35e2b5056c7d2a7f183987cd418aa2c20639be490f433291162b3cab 8.39MB / 20.25MB 31.9s
#18 sha256:c76a910ce805a1082e59aa660bc6a20c52b6d9e6551794b595a1f5b79af3a8e2 6.29MB / 8.20MB 18.9s
#18 sha256:e2de96513ba9eb53b431787ec8a65cdde380ac4772a3e4c4b714dcfde2a102b5 1.05MB / 3.85MB 3.3s
#18 sha256:e2de96513ba9eb53b431787ec8a65cdde380ac4772a3e4c4b714dcfde2a102b5 2.10MB / 3.85MB 5.6s
#18 ...

#15 [tests stage-1 1/6] FROM docker.io/library/python:3.12.14-slim@sha256:f77ac9e44ae96ef2c90b8053ea08c31f8be030f824196b0ae4db6d462c84e51f
#15 sha256:6b37362b3da78869050b894b799ad4df04f1f3b52774087db0d81151570244c8 27.26MB / 29.83MB 85.8s
#15 ...

#18 [tests docker 1/1] FROM docker.io/library/docker:29.8.1-cli@sha256:018edbc908e08fcc9dbf029c812c34251e9b4719e6f71ca0e5eae2a987d014ca
#18 sha256:c76a910ce805a1082e59aa660bc6a20c52b6d9e6551794b595a1f5b79af3a8e2 7.34MB / 8.20MB 23.4s
#18 sha256:e2de96513ba9eb53b431787ec8a65cdde380ac4772a3e4c4b714dcfde2a102b5 3.15MB / 3.85MB 8.0s
#18 sha256:35795b4c35e2b5056c7d2a7f183987cd418aa2c20639be490f433291162b3cab 8.39MB / 20.25MB 37.0s
#18 sha256:35795b4c35e2b5056c7d2a7f183987cd418aa2c20639be490f433291162b3cab 9.44MB / 20.25MB 37.8s
#18 sha256:e2de96513ba9eb53b431787ec8a65cdde380ac4772a3e4c4b714dcfde2a102b5 3.85MB / 3.85MB 9.6s done
#18 extracting sha256:e2de96513ba9eb53b431787ec8a65cdde380ac4772a3e4c4b714dcfde2a102b5 0.1s done
#18 ...

#15 [tests stage-1 1/6] FROM docker.io/library/python:3.12.14-slim@sha256:f77ac9e44ae96ef2c90b8053ea08c31f8be030f824196b0ae4db6d462c84e51f
#15 sha256:6b37362b3da78869050b894b799ad4df04f1f3b52774087db0d81151570244c8 29.83MB / 29.83MB 91.1s done
#15 extracting sha256:6b37362b3da78869050b894b799ad4df04f1f3b52774087db0d81151570244c8 0.7s done
#15 DONE 94.9s

#18 [tests docker 1/1] FROM docker.io/library/docker:29.8.1-cli@sha256:018edbc908e08fcc9dbf029c812c34251e9b4719e6f71ca0e5eae2a987d014ca
#18 ...

#17 [postgres stage-1 1/4] FROM docker.io/postgis/postgis:17-3.5@sha256:01a6a70e41e6c4467c8f55f6063555ed72db2d6662cd0d571040d42eadaeb6f6
#17 sha256:ea025e641e625ca5a6fec4f5c9cf15ca34449dd70c97f7df0dd2eff7e302ee2e 591B / 591B 0.9s done
#17 sha256:4c5e3cb23b1e1b8c49b23753e0dc10425bc0ae5bbe94b2371d98a98c0d54242d 0B / 1.47MB 1.4s
#17 sha256:ee293c60aa50e8a45cb39981dde87154011f28d89098af0dddf6e9ae23f664c9 807B / 807B 0.3s done
#17 sha256:26502799a66bba5094f1b9340839672fc56c073f6b266df4097adc5f7766a656 0B / 67.84MB 0.3s
#17 sha256:0c9580cd88637779b5838eda4775a511e08299eba6e493f6b2904d543ce4c7e8 0B / 185B 0.2s
#17 ...

#15 [tests stage-1 1/6] FROM docker.io/library/python:3.12.14-slim@sha256:f77ac9e44ae96ef2c90b8053ea08c31f8be030f824196b0ae4db6d462c84e51f
#15 extracting sha256:3764a9a7d1e8a98213ab2201a41dbf3da9c60240ea35a5ea96ab994555070a70 0.1s done
#15 extracting sha256:b0dc7f87bef15c2536cb182d6c48b52f90a0522884ec9eb222f833fa97ffebf0 0.4s done
#15 DONE 95.4s

#17 [postgres stage-1 1/4] FROM docker.io/postgis/postgis:17-3.5@sha256:01a6a70e41e6c4467c8f55f6063555ed72db2d6662cd0d571040d42eadaeb6f6
#17 sha256:0c9580cd88637779b5838eda4775a511e08299eba6e493f6b2904d543ce4c7e8 185B / 185B 0.3s done
#17 ...

#15 [tests stage-1 1/6] FROM docker.io/library/python:3.12.14-slim@sha256:f77ac9e44ae96ef2c90b8053ea08c31f8be030f824196b0ae4db6d462c84e51f
#15 extracting sha256:06ad939ed42b51caafb25b14810875d14e0ee0c441d3e2e5e46475fb8c150bca 0.0s done
#15 DONE 95.4s

#17 [postgres stage-1 1/4] FROM docker.io/postgis/postgis:17-3.5@sha256:01a6a70e41e6c4467c8f55f6063555ed72db2d6662cd0d571040d42eadaeb6f6
#17 sha256:dc61d0df75b4a81fc752946b5c58e401c3f2190aa8dec1f4a4c16b40a8468fe9 0B / 5.93kB 0.2s
#17 sha256:dc61d0df75b4a81fc752946b5c58e401c3f2190aa8dec1f4a4c16b40a8468fe9 5.93kB / 5.93kB 0.4s done
#17 sha256:5756942faa504aae91cbaf38ae1c41acb09a06dfbf8ce8177f8f3f2bddc1a003 0B / 168B 0.2s
#17 sha256:5756942faa504aae91cbaf38ae1c41acb09a06dfbf8ce8177f8f3f2bddc1a003 168B / 168B 0.2s done
#17 sha256:87746d0d75662c652b633a4d9d9ddca46303a18d43bc4dfb9ed904031b1e69c5 128B / 128B 0.2s done
#17 sha256:26a029cc5101626b6543a98a456d6f68d763a02e6ac82022db10f0273ae05196 0B / 10.23kB 0.2s
#17 sha256:4c5e3cb23b1e1b8c49b23753e0dc10425bc0ae5bbe94b2371d98a98c0d54242d 1.05MB / 1.47MB 3.0s
#17 sha256:26a029cc5101626b6543a98a456d6f68d763a02e6ac82022db10f0273ae05196 10.23kB / 10.23kB 0.8s done
#17 sha256:2f600d70ef0112b4f7d4b39bd44492ecb4fdd7e4b5059ceead70392838f96efd 0B / 105.46MB 0.2s
#17 sha256:4c5e3cb23b1e1b8c49b23753e0dc10425bc0ae5bbe94b2371d98a98c0d54242d 1.47MB / 1.47MB 3.9s done
#17 sha256:9b3173aa38c24136833af46b85bb99862f90023a24f548859e620ba4620b371c 0B / 3.14kB 0.2s
#17 sha256:9b3173aa38c24136833af46b85bb99862f90023a24f548859e620ba4620b371c 3.14kB / 3.14kB 0.2s done
#17 sha256:9388a07819e834d8a2ac9d136eaec9c68e4f5843e6ff58c58e700e2659e8b2cb 116B / 116B 0.2s done
#17 sha256:84e2e0dafa9e1221f6e76f2d78ec3e5a10f5587676d894a2920d618862ff3c61 0B / 1.04MB 0.2s
#17 sha256:26502799a66bba5094f1b9340839672fc56c073f6b266df4097adc5f7766a656 3.15MB / 67.84MB 5.4s
#17 sha256:84e2e0dafa9e1221f6e76f2d78ec3e5a10f5587676d894a2920d618862ff3c61 1.04MB / 1.04MB 3.1s done
#17 sha256:b032a4e70c8651d73356d4d20ac38af282c31c67c5ff430d91568119503a3f37 0B / 8.05MB 0.2s
#17 sha256:2f600d70ef0112b4f7d4b39bd44492ecb4fdd7e4b5059ceead70392838f96efd 1.05MB / 105.46MB 5.3s
#17 sha256:b032a4e70c8651d73356d4d20ac38af282c31c67c5ff430d91568119503a3f37 1.05MB / 8.05MB 2.1s
#17 sha256:b032a4e70c8651d73356d4d20ac38af282c31c67c5ff430d91568119503a3f37 2.10MB / 8.05MB 3.9s
#17 ...

#18 [tests docker 1/1] FROM docker.io/library/docker:29.8.1-cli@sha256:018edbc908e08fcc9dbf029c812c34251e9b4719e6f71ca0e5eae2a987d014ca
#18 sha256:35795b4c35e2b5056c7d2a7f183987cd418aa2c20639be490f433291162b3cab 11.53MB / 20.25MB 50.8s
#18 sha256:c76a910ce805a1082e59aa660bc6a20c52b6d9e6551794b595a1f5b79af3a8e2 8.20MB / 8.20MB 27.6s done
#18 extracting sha256:c76a910ce805a1082e59aa660bc6a20c52b6d9e6551794b595a1f5b79af3a8e2 0.2s done
#18 extracting sha256:4f4fb700ef54461cfa02571ae0db9a0dc1e0cdb5577484a6d75e68dc38e8acc1 0.0s done
#18 extracting sha256:77a41eff6a9611e931c7cdb9c2a26a592a035a87d4a40d5d8ec9a531e0127939 0.0s done
#18 ...

#17 [postgres stage-1 1/4] FROM docker.io/postgis/postgis:17-3.5@sha256:01a6a70e41e6c4467c8f55f6063555ed72db2d6662cd0d571040d42eadaeb6f6
#17 sha256:26502799a66bba5094f1b9340839672fc56c073f6b266df4097adc5f7766a656 5.24MB / 67.84MB 10.5s
#17 sha256:b032a4e70c8651d73356d4d20ac38af282c31c67c5ff430d91568119503a3f37 3.15MB / 8.05MB 5.4s
#17 sha256:2f600d70ef0112b4f7d4b39bd44492ecb4fdd7e4b5059ceead70392838f96efd 2.10MB / 105.46MB 10.4s
#17 sha256:b032a4e70c8651d73356d4d20ac38af282c31c67c5ff430d91568119503a3f37 4.19MB / 8.05MB 6.9s
#17 sha256:b032a4e70c8651d73356d4d20ac38af282c31c67c5ff430d91568119503a3f37 5.24MB / 8.05MB 8.6s
#17 sha256:26502799a66bba5094f1b9340839672fc56c073f6b266df4097adc5f7766a656 6.29MB / 67.84MB 15.6s
#17 sha256:b032a4e70c8651d73356d4d20ac38af282c31c67c5ff430d91568119503a3f37 6.29MB / 8.05MB 10.5s
#17 sha256:2f600d70ef0112b4f7d4b39bd44492ecb4fdd7e4b5059ceead70392838f96efd 3.15MB / 105.46MB 15.5s
#17 sha256:b032a4e70c8651d73356d4d20ac38af282c31c67c5ff430d91568119503a3f37 7.34MB / 8.05MB 12.8s
#17 sha256:b032a4e70c8651d73356d4d20ac38af282c31c67c5ff430d91568119503a3f37 8.05MB / 8.05MB 14.1s done
#17 sha256:26502799a66bba5094f1b9340839672fc56c073f6b266df4097adc5f7766a656 8.39MB / 67.84MB 20.7s
#17 sha256:953b3faade649e3af7689f63136a74e6d685250ea3ead71eb5431e69d8346e7d 0B / 4.31MB 0.2s
#17 ...

#18 [tests docker 1/1] FROM docker.io/library/docker:29.8.1-cli@sha256:018edbc908e08fcc9dbf029c812c34251e9b4719e6f71ca0e5eae2a987d014ca
#18 sha256:35795b4c35e2b5056c7d2a7f183987cd418aa2c20639be490f433291162b3cab 12.58MB / 20.25MB 61.0s
#18 ...

#17 [postgres stage-1 1/4] FROM docker.io/postgis/postgis:17-3.5@sha256:01a6a70e41e6c4467c8f55f6063555ed72db2d6662cd0d571040d42eadaeb6f6
#17 sha256:2f600d70ef0112b4f7d4b39bd44492ecb4fdd7e4b5059ceead70392838f96efd 4.19MB / 105.46MB 20.6s
#17 sha256:953b3faade649e3af7689f63136a74e6d685250ea3ead71eb5431e69d8346e7d 1.05MB / 4.31MB 2.6s
#17 sha256:953b3faade649e3af7689f63136a74e6d685250ea3ead71eb5431e69d8346e7d 2.10MB / 4.31MB 4.8s
#17 sha256:26502799a66bba5094f1b9340839672fc56c073f6b266df4097adc5f7766a656 10.49MB / 67.84MB 25.8s
#17 sha256:953b3faade649e3af7689f63136a74e6d685250ea3ead71eb5431e69d8346e7d 3.15MB / 4.31MB 6.9s
#17 sha256:2f600d70ef0112b4f7d4b39bd44492ecb4fdd7e4b5059ceead70392838f96efd 5.24MB / 105.46MB 25.7s
#17 sha256:953b3faade649e3af7689f63136a74e6d685250ea3ead71eb5431e69d8346e7d 4.19MB / 4.31MB 9.3s
#17 sha256:953b3faade649e3af7689f63136a74e6d685250ea3ead71eb5431e69d8346e7d 4.31MB / 4.31MB 9.5s done
#17 sha256:a0a48bd225972baa6ed9fd409e352e5940885873d7c14179d12d6415abbd8ded 1.68kB / 1.68kB 0.2s done
#17 sha256:ccaf924377f936af2c0396fce237145b7d1ecc0b8196916667fc6d5ff4866e2d 0B / 30.26MB 0.2s
#17 sha256:26502799a66bba5094f1b9340839672fc56c073f6b266df4097adc5f7766a656 13.63MB / 67.84MB 30.9s
#17 ...

#18 [tests docker 1/1] FROM docker.io/library/docker:29.8.1-cli@sha256:018edbc908e08fcc9dbf029c812c34251e9b4719e6f71ca0e5eae2a987d014ca
#18 sha256:35795b4c35e2b5056c7d2a7f183987cd418aa2c20639be490f433291162b3cab 13.63MB / 20.25MB 71.4s
#18 ...

#17 [postgres stage-1 1/4] FROM docker.io/postgis/postgis:17-3.5@sha256:01a6a70e41e6c4467c8f55f6063555ed72db2d6662cd0d571040d42eadaeb6f6
#17 sha256:2f600d70ef0112b4f7d4b39bd44492ecb4fdd7e4b5059ceead70392838f96efd 6.29MB / 105.46MB 30.7s
#17 sha256:ccaf924377f936af2c0396fce237145b7d1ecc0b8196916667fc6d5ff4866e2d 2.10MB / 30.26MB 4.8s
#17 sha256:26502799a66bba5094f1b9340839672fc56c073f6b266df4097adc5f7766a656 16.78MB / 67.84MB 36.0s
#17 sha256:2f600d70ef0112b4f7d4b39bd44492ecb4fdd7e4b5059ceead70392838f96efd 7.34MB / 105.46MB 35.8s
#17 sha256:ccaf924377f936af2c0396fce237145b7d1ecc0b8196916667fc6d5ff4866e2d 4.19MB / 30.26MB 8.6s
#17 sha256:26502799a66bba5094f1b9340839672fc56c073f6b266df4097adc5f7766a656 19.92MB / 67.84MB 41.1s
#17 ...

#18 [tests docker 1/1] FROM docker.io/library/docker:29.8.1-cli@sha256:018edbc908e08fcc9dbf029c812c34251e9b4719e6f71ca0e5eae2a987d014ca
#18 sha256:35795b4c35e2b5056c7d2a7f183987cd418aa2c20639be490f433291162b3cab 14.68MB / 20.25MB 81.7s
#18 ...

#17 [postgres stage-1 1/4] FROM docker.io/postgis/postgis:17-3.5@sha256:01a6a70e41e6c4467c8f55f6063555ed72db2d6662cd0d571040d42eadaeb6f6
#17 sha256:2f600d70ef0112b4f7d4b39bd44492ecb4fdd7e4b5059ceead70392838f96efd 8.39MB / 105.46MB 40.9s
#17 sha256:ccaf924377f936af2c0396fce237145b7d1ecc0b8196916667fc6d5ff4866e2d 6.29MB / 30.26MB 13.2s
#17 sha256:26502799a66bba5094f1b9340839672fc56c073f6b266df4097adc5f7766a656 22.02MB / 67.84MB 46.2s
#17 sha256:2f600d70ef0112b4f7d4b39bd44492ecb4fdd7e4b5059ceead70392838f96efd 10.49MB / 105.46MB 46.0s
#17 sha256:ccaf924377f936af2c0396fce237145b7d1ecc0b8196916667fc6d5ff4866e2d 7.34MB / 30.26MB 18.3s
#17 sha256:ccaf924377f936af2c0396fce237145b7d1ecc0b8196916667fc6d5ff4866e2d 9.44MB / 30.26MB 20.9s
#17 sha256:26502799a66bba5094f1b9340839672fc56c073f6b266df4097adc5f7766a656 25.17MB / 67.84MB 51.3s
#17 ...

#18 [tests docker 1/1] FROM docker.io/library/docker:29.8.1-cli@sha256:018edbc908e08fcc9dbf029c812c34251e9b4719e6f71ca0e5eae2a987d014ca
#18 sha256:35795b4c35e2b5056c7d2a7f183987cd418aa2c20639be490f433291162b3cab 16.78MB / 20.25MB 92.1s
#18 ...

#17 [postgres stage-1 1/4] FROM docker.io/postgis/postgis:17-3.5@sha256:01a6a70e41e6c4467c8f55f6063555ed72db2d6662cd0d571040d42eadaeb6f6
#17 sha256:2f600d70ef0112b4f7d4b39bd44492ecb4fdd7e4b5059ceead70392838f96efd 11.53MB / 105.46MB 51.2s
#17 sha256:ccaf924377f936af2c0396fce237145b7d1ecc0b8196916667fc6d5ff4866e2d 11.53MB / 30.26MB 24.2s
#17 sha256:26502799a66bba5094f1b9340839672fc56c073f6b266df4097adc5f7766a656 26.21MB / 67.84MB 56.4s
#17 sha256:ccaf924377f936af2c0396fce237145b7d1ecc0b8196916667fc6d5ff4866e2d 13.63MB / 30.26MB 27.8s
#17 sha256:2f600d70ef0112b4f7d4b39bd44492ecb4fdd7e4b5059ceead70392838f96efd 12.58MB / 105.46MB 56.2s
#17 sha256:26502799a66bba5094f1b9340839672fc56c073f6b266df4097adc5f7766a656 28.31MB / 67.84MB 61.5s
#17 ...

#18 [tests docker 1/1] FROM docker.io/library/docker:29.8.1-cli@sha256:018edbc908e08fcc9dbf029c812c34251e9b4719e6f71ca0e5eae2a987d014ca
#18 sha256:35795b4c35e2b5056c7d2a7f183987cd418aa2c20639be490f433291162b3cab 18.87MB / 20.25MB 102.4s
#18 ...

#17 [postgres stage-1 1/4] FROM docker.io/postgis/postgis:17-3.5@sha256:01a6a70e41e6c4467c8f55f6063555ed72db2d6662cd0d571040d42eadaeb6f6
#17 sha256:ccaf924377f936af2c0396fce237145b7d1ecc0b8196916667fc6d5ff4866e2d 15.73MB / 30.26MB 32.6s
#17 sha256:2f600d70ef0112b4f7d4b39bd44492ecb4fdd7e4b5059ceead70392838f96efd 13.63MB / 105.46MB 61.3s
#17 ...

#18 [tests docker 1/1] FROM docker.io/library/docker:29.8.1-cli@sha256:018edbc908e08fcc9dbf029c812c34251e9b4719e6f71ca0e5eae2a987d014ca
#18 sha256:35795b4c35e2b5056c7d2a7f183987cd418aa2c20639be490f433291162b3cab 20.25MB / 20.25MB 104.9s done
#18 extracting sha256:35795b4c35e2b5056c7d2a7f183987cd418aa2c20639be490f433291162b3cab 0.2s done
#18 extracting sha256:a101e4c098be7f9cbf60b932a2bb746557324749d63240e77e5d7fceb8226d18 0.3s done
#18 extracting sha256:4e75e082420c2ecb7a4711e89a2e6160c0a678832ec54169694c305d05e90b2b 0.2s done
#18 DONE 159.7s

#17 [postgres stage-1 1/4] FROM docker.io/postgis/postgis:17-3.5@sha256:01a6a70e41e6c4467c8f55f6063555ed72db2d6662cd0d571040d42eadaeb6f6
#17 ...

#18 [tests docker 1/1] FROM docker.io/library/docker:29.8.1-cli@sha256:018edbc908e08fcc9dbf029c812c34251e9b4719e6f71ca0e5eae2a987d014ca
#18 extracting sha256:b8d17cde835025617a8f620e8a94921d0e470c663ddbdb27cd90b558b958fb1d 0.0s done
#18 extracting sha256:42e2b8e363b8b33f8120e3e40bb62f8bfa61b15111099495d22f05452820a364 0.0s done
#18 extracting sha256:d1588276fcb5a60fb65f1e8ca22832df2948df6c7ab4b3539095230701b41e4a 0.0s done
#18 DONE 159.8s

#17 [postgres stage-1 1/4] FROM docker.io/postgis/postgis:17-3.5@sha256:01a6a70e41e6c4467c8f55f6063555ed72db2d6662cd0d571040d42eadaeb6f6
#17 ...

#19 [tests stage-1 2/6] COPY --from=docker /usr/local/bin/docker /usr/local/bin/docker
#19 DONE 0.2s

#17 [postgres stage-1 1/4] FROM docker.io/postgis/postgis:17-3.5@sha256:01a6a70e41e6c4467c8f55f6063555ed72db2d6662cd0d571040d42eadaeb6f6
#17 sha256:ccaf924377f936af2c0396fce237145b7d1ecc0b8196916667fc6d5ff4866e2d 17.83MB / 30.26MB 36.0s
#17 sha256:26502799a66bba5094f1b9340839672fc56c073f6b266df4097adc5f7766a656 29.36MB / 67.84MB 66.6s
#17 sha256:2f600d70ef0112b4f7d4b39bd44492ecb4fdd7e4b5059ceead70392838f96efd 15.73MB / 105.46MB 66.4s
#17 sha256:ccaf924377f936af2c0396fce237145b7d1ecc0b8196916667fc6d5ff4866e2d 19.92MB / 30.26MB 39.2s
#17 sha256:26502799a66bba5094f1b9340839672fc56c073f6b266df4097adc5f7766a656 31.46MB / 67.84MB 71.7s
#17 sha256:ccaf924377f936af2c0396fce237145b7d1ecc0b8196916667fc6d5ff4866e2d 22.02MB / 30.26MB 42.6s
#17 sha256:2f600d70ef0112b4f7d4b39bd44492ecb4fdd7e4b5059ceead70392838f96efd 16.78MB / 105.46MB 71.5s
#17 ...

#20 [tests stage-1 3/6] RUN apt-get update && apt-get install -y --no-install-recommends git && rm -rf /var/lib/apt/lists/*  && git config --system --add safe.directory /flatshare
#20 2.439 Hit:1 http://deb.debian.org/debian trixie InRelease
#20 5.791 Get:2 http://deb.debian.org/debian trixie-updates InRelease [47.3 kB]
#20 9.436 Get:3 http://deb.debian.org/debian-security trixie-security InRelease [43.4 kB]
#20 ...

#17 [postgres stage-1 1/4] FROM docker.io/postgis/postgis:17-3.5@sha256:01a6a70e41e6c4467c8f55f6063555ed72db2d6662cd0d571040d42eadaeb6f6
#17 sha256:ccaf924377f936af2c0396fce237145b7d1ecc0b8196916667fc6d5ff4866e2d 24.12MB / 30.26MB 45.6s
#17 sha256:26502799a66bba5094f1b9340839672fc56c073f6b266df4097adc5f7766a656 33.55MB / 67.84MB 76.8s
#17 sha256:ccaf924377f936af2c0396fce237145b7d1ecc0b8196916667fc6d5ff4866e2d 26.21MB / 30.26MB 48.3s
#17 sha256:2f600d70ef0112b4f7d4b39bd44492ecb4fdd7e4b5059ceead70392838f96efd 17.83MB / 105.46MB 76.6s
#17 sha256:26502799a66bba5094f1b9340839672fc56c073f6b266df4097adc5f7766a656 35.65MB / 67.84MB 81.9s
#17 sha256:ccaf924377f936af2c0396fce237145b7d1ecc0b8196916667fc6d5ff4866e2d 28.31MB / 30.26MB 52.7s
#17 sha256:2f600d70ef0112b4f7d4b39bd44492ecb4fdd7e4b5059ceead70392838f96efd 20.97MB / 105.46MB 81.7s
#17 ...

#20 [tests stage-1 3/6] RUN apt-get update && apt-get install -y --no-install-recommends git && rm -rf /var/lib/apt/lists/*  && git config --system --add safe.directory /flatshare
#20 10.72 Get:4 http://deb.debian.org/debian trixie/main amd64 Packages [9678 kB]
#20 ...

#17 [postgres stage-1 1/4] FROM docker.io/postgis/postgis:17-3.5@sha256:01a6a70e41e6c4467c8f55f6063555ed72db2d6662cd0d571040d42eadaeb6f6
#17 sha256:ccaf924377f936af2c0396fce237145b7d1ecc0b8196916667fc6d5ff4866e2d 30.26MB / 30.26MB 56.3s done
#17 extracting sha256:ccaf924377f936af2c0396fce237145b7d1ecc0b8196916667fc6d5ff4866e2d
#17 sha256:26502799a66bba5094f1b9340839672fc56c073f6b266df4097adc5f7766a656 36.70MB / 67.84MB 87.0s
#17 extracting sha256:ccaf924377f936af2c0396fce237145b7d1ecc0b8196916667fc6d5ff4866e2d 0.9s done
#17 extracting sha256:a0a48bd225972baa6ed9fd409e352e5940885873d7c14179d12d6415abbd8ded 0.0s done
#17 extracting sha256:953b3faade649e3af7689f63136a74e6d685250ea3ead71eb5431e69d8346e7d 0.1s done
#17 extracting sha256:4c5e3cb23b1e1b8c49b23753e0dc10425bc0ae5bbe94b2371d98a98c0d54242d 0.0s done
#17 extracting sha256:b032a4e70c8651d73356d4d20ac38af282c31c67c5ff430d91568119503a3f37
#17 extracting sha256:b032a4e70c8651d73356d4d20ac38af282c31c67c5ff430d91568119503a3f37 0.2s done
#17 extracting sha256:84e2e0dafa9e1221f6e76f2d78ec3e5a10f5587676d894a2920d618862ff3c61 0.0s done
#17 extracting sha256:9388a07819e834d8a2ac9d136eaec9c68e4f5843e6ff58c58e700e2659e8b2cb 0.0s done
#17 extracting sha256:9b3173aa38c24136833af46b85bb99862f90023a24f548859e620ba4620b371c 0.0s done
#17 sha256:2f600d70ef0112b4f7d4b39bd44492ecb4fdd7e4b5059ceead70392838f96efd 23.07MB / 105.46MB 86.8s
#17 sha256:26502799a66bba5094f1b9340839672fc56c073f6b266df4097adc5f7766a656 40.89MB / 67.84MB 90.6s
#17 sha256:2f600d70ef0112b4f7d4b39bd44492ecb4fdd7e4b5059ceead70392838f96efd 25.17MB / 105.46MB 91.9s
#17 sha256:26502799a66bba5094f1b9340839672fc56c073f6b266df4097adc5f7766a656 45.09MB / 67.84MB 95.4s
#17 sha256:26502799a66bba5094f1b9340839672fc56c073f6b266df4097adc5f7766a656 49.28MB / 67.84MB 99.0s
#17 sha256:2f600d70ef0112b4f7d4b39bd44492ecb4fdd7e4b5059ceead70392838f96efd 26.21MB / 105.46MB 97.0s
#17 sha256:26502799a66bba5094f1b9340839672fc56c073f6b266df4097adc5f7766a656 53.48MB / 67.84MB 103.2s
#17 sha256:2f600d70ef0112b4f7d4b39bd44492ecb4fdd7e4b5059ceead70392838f96efd 27.26MB / 105.46MB 102.1s
#17 sha256:26502799a66bba5094f1b9340839672fc56c073f6b266df4097adc5f7766a656 57.67MB / 67.84MB 106.9s
#17 sha256:2f600d70ef0112b4f7d4b39bd44492ecb4fdd7e4b5059ceead70392838f96efd 29.36MB / 105.46MB 107.2s
#17 sha256:26502799a66bba5094f1b9340839672fc56c073f6b266df4097adc5f7766a656 60.82MB / 67.84MB 112.0s
#17 sha256:2f600d70ef0112b4f7d4b39bd44492ecb4fdd7e4b5059ceead70392838f96efd 31.46MB / 105.46MB 112.3s
#17 sha256:26502799a66bba5094f1b9340839672fc56c073f6b266df4097adc5f7766a656 63.96MB / 67.84MB 117.1s
#17 sha256:2f600d70ef0112b4f7d4b39bd44492ecb4fdd7e4b5059ceead70392838f96efd 33.55MB / 105.46MB 117.4s
#17 sha256:26502799a66bba5094f1b9340839672fc56c073f6b266df4097adc5f7766a656 66.06MB / 67.84MB 122.2s
#17 sha256:26502799a66bba5094f1b9340839672fc56c073f6b266df4097adc5f7766a656 67.84MB / 67.84MB 124.1s done
#17 sha256:2f600d70ef0112b4f7d4b39bd44492ecb4fdd7e4b5059ceead70392838f96efd 36.70MB / 105.46MB 122.5s
#17 sha256:2f600d70ef0112b4f7d4b39bd44492ecb4fdd7e4b5059ceead70392838f96efd 40.89MB / 105.46MB 127.6s
#17 sha256:2f600d70ef0112b4f7d4b39bd44492ecb4fdd7e4b5059ceead70392838f96efd 45.09MB / 105.46MB 132.7s
#17 sha256:2f600d70ef0112b4f7d4b39bd44492ecb4fdd7e4b5059ceead70392838f96efd 50.33MB / 105.46MB 137.8s
#17 sha256:2f600d70ef0112b4f7d4b39bd44492ecb4fdd7e4b5059ceead70392838f96efd 54.53MB / 105.46MB 142.9s
#17 sha256:2f600d70ef0112b4f7d4b39bd44492ecb4fdd7e4b5059ceead70392838f96efd 58.72MB / 105.46MB 148.0s
#17 sha256:2f600d70ef0112b4f7d4b39bd44492ecb4fdd7e4b5059ceead70392838f96efd 63.96MB / 105.46MB 153.1s
#17 sha256:2f600d70ef0112b4f7d4b39bd44492ecb4fdd7e4b5059ceead70392838f96efd 69.21MB / 105.46MB 158.2s
#17 sha256:2f600d70ef0112b4f7d4b39bd44492ecb4fdd7e4b5059ceead70392838f96efd 73.40MB / 105.46MB 163.3s
#17 sha256:2f600d70ef0112b4f7d4b39bd44492ecb4fdd7e4b5059ceead70392838f96efd 77.59MB / 105.46MB 168.4s
#17 sha256:2f600d70ef0112b4f7d4b39bd44492ecb4fdd7e4b5059ceead70392838f96efd 81.79MB / 105.46MB 173.5s
#17 sha256:2f600d70ef0112b4f7d4b39bd44492ecb4fdd7e4b5059ceead70392838f96efd 87.03MB / 105.46MB 178.6s
#17 sha256:2f600d70ef0112b4f7d4b39bd44492ecb4fdd7e4b5059ceead70392838f96efd 92.27MB / 105.46MB 183.7s
#17 sha256:2f600d70ef0112b4f7d4b39bd44492ecb4fdd7e4b5059ceead70392838f96efd 96.47MB / 105.46MB 188.8s
#17 sha256:2f600d70ef0112b4f7d4b39bd44492ecb4fdd7e4b5059ceead70392838f96efd 101.71MB / 105.46MB 193.9s
#17 ...

#20 [tests stage-1 3/6] RUN apt-get update && apt-get install -y --no-install-recommends git && rm -rf /var/lib/apt/lists/*  && git config --system --add safe.directory /flatshare
#20 132.1 Get:5 http://deb.debian.org/debian trixie-updates/main amd64 Packages [4412 B]
#20 132.1 Get:6 http://deb.debian.org/debian-security trixie-security/main amd64 Packages [264 kB]
#20 134.7 Fetched 10.0 MB in 2min 15s (74.6 kB/s)
#20 134.7 Reading package lists...
#20 135.4 Reading package lists...
#20 136.1 Building dependency tree...
#20 136.3 Reading state information...
#20 136.5 The following additional packages will be installed:
#20 136.5   git-man libbrotli1 libcom-err2 libcurl3t64-gnutls liberror-perl libexpat1
#20 136.5   libgdbm-compat4t64 libgnutls30t64 libgssapi-krb5-2 libidn2-0 libk5crypto3
#20 136.5   libkeyutils1 libkrb5-3 libkrb5support0 libldap2 libnghttp2-14 libnghttp3-9
#20 136.5   libngtcp2-16 libngtcp2-crypto-gnutls8 libp11-kit0 libperl5.40 libpsl5t64
#20 136.5   librtmp1 libsasl2-2 libsasl2-modules-db libssh2-1t64 libtasn1-6
#20 136.5   libunistring5 perl perl-modules-5.40
#20 136.5 Suggested packages:
#20 136.5   gettext-base git-doc git-email git-gui gitk gitweb git-cvs git-mediawiki
#20 136.5   git-svn gnutls-bin krb5-doc krb5-user sensible-utils perl-doc
#20 136.5   libterm-readline-gnu-perl | libterm-readline-perl-perl make
#20 136.5   libtap-harness-archive-perl
#20 136.5 Recommended packages:
#20 136.5   patch less ssh-client krb5-locales libldap-common publicsuffix
#20 136.5   libsasl2-modules
#20 136.7 The following NEW packages will be installed:
#20 136.7   git git-man libbrotli1 libcom-err2 libcurl3t64-gnutls liberror-perl
#20 136.7   libexpat1 libgdbm-compat4t64 libgnutls30t64 libgssapi-krb5-2 libidn2-0
#20 136.7   libk5crypto3 libkeyutils1 libkrb5-3 libkrb5support0 libldap2 libnghttp2-14
#20 136.7   libnghttp3-9 libngtcp2-16 libngtcp2-crypto-gnutls8 libp11-kit0 libperl5.40
#20 136.7   libpsl5t64 librtmp1 libsasl2-2 libsasl2-modules-db libssh2-1t64 libtasn1-6
#20 136.7   libunistring5 perl perl-modules-5.40
#20 136.9 0 upgraded, 31 newly installed, 0 to remove and 1 not upgraded.
#20 136.9 Need to get 23.6 MB of archives.
#20 136.9 After this operation, 119 MB of additional disk space will be used.
#20 136.9 Get:1 http://deb.debian.org/debian trixie/main amd64 libexpat1 amd64 2.8.3-1~deb13u1 [123 kB]
#20 137.8 Get:2 http://deb.debian.org/debian trixie/main amd64 perl-modules-5.40 all 5.40.1-6+deb13u1 [3014 kB]
#20 ...

#17 [postgres stage-1 1/4] FROM docker.io/postgis/postgis:17-3.5@sha256:01a6a70e41e6c4467c8f55f6063555ed72db2d6662cd0d571040d42eadaeb6f6
#17 sha256:2f600d70ef0112b4f7d4b39bd44492ecb4fdd7e4b5059ceead70392838f96efd 105.46MB / 105.46MB 197.8s done
#17 extracting sha256:2f600d70ef0112b4f7d4b39bd44492ecb4fdd7e4b5059ceead70392838f96efd 1.9s done
#17 extracting sha256:26a029cc5101626b6543a98a456d6f68d763a02e6ac82022db10f0273ae05196 0.0s done
#17 extracting sha256:87746d0d75662c652b633a4d9d9ddca46303a18d43bc4dfb9ed904031b1e69c5 0.0s done
#17 extracting sha256:5756942faa504aae91cbaf38ae1c41acb09a06dfbf8ce8177f8f3f2bddc1a003 0.0s done
#17 extracting sha256:dc61d0df75b4a81fc752946b5c58e401c3f2190aa8dec1f4a4c16b40a8468fe9 0.0s done
#17 extracting sha256:0c9580cd88637779b5838eda4775a511e08299eba6e493f6b2904d543ce4c7e8 0.0s done
#17 extracting sha256:26502799a66bba5094f1b9340839672fc56c073f6b266df4097adc5f7766a656 1.1s done
#17 extracting sha256:4f4fb700ef54461cfa02571ae0db9a0dc1e0cdb5577484a6d75e68dc38e8acc1 0.0s done
#17 extracting sha256:ee293c60aa50e8a45cb39981dde87154011f28d89098af0dddf6e9ae23f664c9 0.0s done
#17 extracting sha256:ea025e641e625ca5a6fec4f5c9cf15ca34449dd70c97f7df0dd2eff7e302ee2e 0.0s done
#17 DONE 297.9s

#21 [postgres stage-1 2/4] RUN set -eux;     apt-get update;     apt-get install -y --no-install-recommends         build-essential git ca-certificates postgresql-server-dev-17         postgresql-17-pgtap libtap-parser-sourcehandler-pgtap-perl;     git clone --branch "v0.8.6" --depth 1 https://github.com/pgvector/pgvector.git /tmp/pgvector;     make -C /tmp/pgvector OPTFLAGS="";     make -C /tmp/pgvector install;     rm -rf /tmp/pgvector;     apt-get purge -y --auto-remove build-essential git postgresql-server-dev-17;     rm -rf /var/lib/apt/lists/*
#21 0.161 + apt-get update
#21 0.428 Get:1 http://deb.debian.org/debian bullseye InRelease [75.1 kB]
#21 1.272 Get:2 http://deb.debian.org/debian-security bullseye-security InRelease [27.1 kB]
#21 1.387 Get:3 http://deb.debian.org/debian bullseye-updates InRelease [44.0 kB]
#21 2.293 Get:4 http://deb.debian.org/debian bullseye/main amd64 Packages [8,066 kB]
#21 3.238 Get:5 http://apt.postgresql.org/pub/repos/apt bullseye-pgdg InRelease [181 kB]
#21 3.572 Get:6 http://apt.postgresql.org/pub/repos/apt bullseye-pgdg/main amd64 Packages [806 kB]
#21 4.662 Get:7 http://apt.postgresql.org/pub/repos/apt bullseye-pgdg/17 amd64 Packages [6,764 B]
#21 ...

#20 [tests stage-1 3/6] RUN apt-get update && apt-get install -y --no-install-recommends git && rm -rf /var/lib/apt/lists/*  && git config --system --add safe.directory /flatshare
#20 219.4 Get:3 http://deb.debian.org/debian trixie/main amd64 libgdbm-compat4t64 amd64 1.24-2 [50.3 kB]
#20 220.3 Get:4 http://deb.debian.org/debian trixie/main amd64 libperl5.40 amd64 5.40.1-6+deb13u1 [4326 kB]
#20 343.7 Get:5 http://deb.debian.org/debian trixie/main amd64 perl amd64 5.40.1-6+deb13u1 [268 kB]
#20 347.1 Get:6 http://deb.debian.org/debian trixie/main amd64 libbrotli1 amd64 1.1.0-2+b7 [307 kB]
#20 351.0 Get:7 http://deb.debian.org/debian trixie/main amd64 libunistring5 amd64 1.3-2 [477 kB]
#20 ...

#21 [postgres stage-1 2/4] RUN set -eux;     apt-get update;     apt-get install -y --no-install-recommends         build-essential git ca-certificates postgresql-server-dev-17         postgresql-17-pgtap libtap-parser-sourcehandler-pgtap-perl;     git clone --branch "v0.8.6" --depth 1 https://github.com/pgvector/pgvector.git /tmp/pgvector;     make -C /tmp/pgvector OPTFLAGS="";     make -C /tmp/pgvector install;     rm -rf /tmp/pgvector;     apt-get purge -y --auto-remove build-essential git postgresql-server-dev-17;     rm -rf /var/lib/apt/lists/*
#21 215.0 Get:8 http://deb.debian.org/debian-security bullseye-security/main amd64 Packages [475 kB]
#21 ...

#20 [tests stage-1 3/6] RUN apt-get update && apt-get install -y --no-install-recommends git && rm -rf /var/lib/apt/lists/*  && git config --system --add safe.directory /flatshare
#20 360.4 Get:8 http://deb.debian.org/debian trixie/main amd64 libidn2-0 amd64 2.3.8-2 [109 kB]
#20 362.5 Get:9 http://deb.debian.org/debian trixie/main amd64 libp11-kit0 amd64 0.25.5-3 [425 kB]
#20 ...

#21 [postgres stage-1 2/4] RUN set -eux;     apt-get update;     apt-get install -y --no-install-recommends         build-essential git ca-certificates postgresql-server-dev-17         postgresql-17-pgtap libtap-parser-sourcehandler-pgtap-perl;     git clone --branch "v0.8.6" --depth 1 https://github.com/pgvector/pgvector.git /tmp/pgvector;     make -C /tmp/pgvector OPTFLAGS="";     make -C /tmp/pgvector install;     rm -rf /tmp/pgvector;     apt-get purge -y --auto-remove build-essential git postgresql-server-dev-17;     rm -rf /var/lib/apt/lists/*
#21 226.9 Get:9 http://deb.debian.org/debian bullseye-updates/main amd64 Packages [18.8 kB]
#21 227.7 Fetched 9,699 kB in 3min 48s (42.6 kB/s)
#21 227.7 Reading package lists...
#21 228.2 + apt-get install -y --no-install-recommends build-essential git ca-certificates postgresql-server-dev-17 postgresql-17-pgtap libtap-parser-sourcehandler-pgtap-perl
#21 228.3 Reading package lists...
#21 228.8 Building dependency tree...
#21 228.9 Reading state information...
#21 229.0 ca-certificates is already the newest version (20250419~deb12u1~deb11u1).
#21 229.0 The following additional packages will be installed:
#21 229.0   binutils binutils-common binutils-x86-64-linux-gnu bzip2 clang-16 cpp cpp-10
#21 229.0   dpkg-dev g++ g++-10 gcc gcc-10 git-man icu-devtools libasan6 libatomic1
#21 229.0   libbinutils libc-dev-bin libc6 libc6-dev libcc1-0 libclang-common-16-dev
#21 229.0   libclang-cpp16 libclang1-16 libcrypt-dev libctf-nobfd0 libctf0 libcurl4
#21 229.0   libdpkg-perl liberror-perl libffi-dev libgc1 libgcc-10-dev libgomp1
#21 229.0   libicu-dev libisl23 libitm1 liblsan0 libmpc3 libmpdec3 libncurses-dev
#21 229.0   libncurses6 libnsl-dev libobjc-10-dev libobjc4 libpfm4 libpq-dev libpq5
#21 229.0   libpython3-stdlib libpython3.9-minimal libpython3.9-stdlib libssl-dev
#21 229.0   libssl1.1 libstdc++-10-dev libtirpc-dev libtsan0 libubsan1 libxml2
#21 229.0   libxml2-dev libyaml-0-2 libz3-dev linux-libc-dev llvm-16 llvm-16-dev
#21 229.0   llvm-16-linker-tools llvm-16-runtime llvm-16-tools make media-types patch
#21 229.0   python3 python3-minimal python3-pkg-resources python3-pygments python3-yaml
#21 229.0   python3.9 python3.9-minimal
#21 229.0 Suggested packages:
#21 229.0   binutils-doc bzip2-doc clang-16-doc wasi-libc cpp-doc gcc-10-locales
#21 229.0   debian-keyring g++-multilib g++-10-multilib gcc-10-doc gcc-multilib
#21 229.0   manpages-dev autoconf automake libtool flex bison gdb gcc-doc
#21 229.0   gcc-10-multilib gettext-base git-daemon-run | git-daemon-sysvinit git-doc
#21 229.0   git-el git-email git-gui gitk gitweb git-cvs git-mediawiki git-svn glibc-doc
#21 229.0   bzr icu-doc ncurses-doc postgresql-doc-18 libpq-oauth libssl-doc
#21 229.0   libstdc++-10-doc pkg-config llvm-16-doc make-doc ed diffutils-doc
#21 229.0   python3-doc python3-tk python3-venv python3-setuptools python-pygments-doc
#21 229.0   ttf-bitstream-vera python3.9-venv python3.9-doc binfmt-support
#21 229.0 Recommended packages:
#21 229.0   fakeroot libalgorithm-merge-perl ssh-client manpages manpages-dev
#21 229.0   libc-devtools libnss-nis libnss-nisplus libclang-rt-16-dev
#21 229.0   libfile-fcntllock-perl liblocale-gettext-perl libgpm2 binfmt-support
#21 229.0   | systemd libtap-harness-archive-perl pgtap-doc
#21 229.3 The following NEW packages will be installed:
#21 229.3   binutils binutils-common binutils-x86-64-linux-gnu build-essential bzip2
#21 229.3   clang-16 cpp cpp-10 dpkg-dev g++ g++-10 gcc gcc-10 git git-man icu-devtools
#21 229.3   libasan6 libatomic1 libbinutils libc-dev-bin libc6-dev libcc1-0
#21 229.3   libclang-common-16-dev libclang-cpp16 libclang1-16 libcrypt-dev
#21 229.3   libctf-nobfd0 libctf0 libcurl4 libdpkg-perl liberror-perl libffi-dev libgc1
#21 229.3   libgcc-10-dev libgomp1 libicu-dev libisl23 libitm1 liblsan0 libmpc3
#21 229.3   libmpdec3 libncurses-dev libncurses6 libnsl-dev libobjc-10-dev libobjc4
#21 229.3   libpfm4 libpq-dev libpython3-stdlib libpython3.9-minimal libpython3.9-stdlib
#21 229.3   libssl-dev libstdc++-10-dev libtap-parser-sourcehandler-pgtap-perl
#21 229.3   libtirpc-dev libtsan0 libubsan1 libxml2-dev libyaml-0-2 libz3-dev
#21 229.3   linux-libc-dev llvm-16 llvm-16-dev llvm-16-linker-tools llvm-16-runtime
#21 229.3   llvm-16-tools make media-types patch postgresql-17-pgtap
#21 229.3   postgresql-server-dev-17 python3 python3-minimal python3-pkg-resources
#21 229.3   python3-pygments python3-yaml python3.9 python3.9-minimal
#21 229.3 The following packages will be upgraded:
#21 229.3   libc6 libpq5 libssl1.1 libxml2
#21 229.8 4 upgraded, 78 newly installed, 0 to remove and 40 not upgraded.
#21 229.8 Need to get 174 MB of archives.
#21 229.8 After this operation, 927 MB of additional disk space will be used.
#21 229.8 Get:1 http://apt.postgresql.org/pub/repos/apt bullseye-pgdg/main amd64 libpq5 amd64 18.6-1.pgdg11+2 [264 kB]
#21 229.9 Err:2 http://deb.debian.org/debian-security bullseye-security/main amd64 libc6 amd64 2.31-13+deb11u14
#21 229.9   404  Not Found [IP: 199.232.82.132 80]
#21 230.0 Err:3 http://deb.debian.org/debian-security bullseye-security/main amd64 libssl1.1 amd64 1.1.1w-0+deb11u8
#21 230.0   404  Not Found [IP: 199.232.82.132 80]
#21 230.0 Err:4 http://deb.debian.org/debian-security bullseye-security/main amd64 libpython3.9-minimal amd64 3.9.2-1+deb11u7
#21 230.0   404  Not Found [IP: 199.232.82.132 80]
#21 230.0 Err:5 http://deb.debian.org/debian-security bullseye-security/main amd64 python3.9-minimal amd64 3.9.2-1+deb11u7
#21 230.0   404  Not Found [IP: 199.232.82.132 80]
#21 230.0 Get:6 http://deb.debian.org/debian bullseye/main amd64 python3-minimal amd64 3.9.2-3 [38.2 kB]
#21 230.1 Get:7 http://deb.debian.org/debian bullseye/main amd64 media-types all 4.0.0 [30.3 kB]
#21 230.4 Get:8 http://deb.debian.org/debian bullseye/main amd64 libmpdec3 amd64 2.5.1-1 [87.7 kB]
#21 230.4 Get:9 http://apt.postgresql.org/pub/repos/apt bullseye-pgdg/main amd64 libpq-dev amd64 18.6-1.pgdg11+2 [174 kB]
#21 230.7 Get:10 http://apt.postgresql.org/pub/repos/apt bullseye-pgdg/main amd64 libtap-parser-sourcehandler-pgtap-perl all 3.37-1.pgdg110+1 [39.2 kB]
#21 230.9 Get:11 http://apt.postgresql.org/pub/repos/apt bullseye-pgdg/main amd64 postgresql-17-pgtap all 1.3.4-1.pgdg11+1 [65.7 kB]
#21 231.0 Get:12 http://apt.postgresql.org/pub/repos/apt bullseye-pgdg/main amd64 postgresql-server-dev-17 amd64 17.11-1.pgdg11+2 [1,342 kB]
#21 231.1 Err:13 http://deb.debian.org/debian-security bullseye-security/main amd64 libpython3.9-stdlib amd64 3.9.2-1+deb11u7
#21 231.1   404  Not Found [IP: 199.232.82.132 80]
#21 231.1 Err:14 http://deb.debian.org/debian-security bullseye-security/main amd64 python3.9 amd64 3.9.2-1+deb11u7
#21 231.1   404  Not Found [IP: 199.232.82.132 80]
#21 231.1 Get:15 http://deb.debian.org/debian bullseye/main amd64 libpython3-stdlib amd64 3.9.2-3 [21.4 kB]
#21 231.9 Get:16 http://deb.debian.org/debian bullseye/main amd64 python3 amd64 3.9.2-3 [37.9 kB]
#21 232.4 Get:17 http://deb.debian.org/debian bullseye/main amd64 bzip2 amd64 1.0.8-4 [49.3 kB]
#21 ...

#20 [tests stage-1 3/6] RUN apt-get update && apt-get install -y --no-install-recommends git && rm -rf /var/lib/apt/lists/*  && git config --system --add safe.directory /flatshare
#20 372.2 Get:10 http://deb.debian.org/debian trixie/main amd64 libtasn1-6 amd64 4.20.0-2+deb13u1 [50.1 kB]
#20 373.6 Get:11 http://deb.debian.org/debian trixie/main amd64 libgnutls30t64 amd64 3.8.9-3+deb13u4 [1469 kB]
#20 ...

#21 [postgres stage-1 2/4] RUN set -eux;     apt-get update;     apt-get install -y --no-install-recommends         build-essential git ca-certificates postgresql-server-dev-17         postgresql-17-pgtap libtap-parser-sourcehandler-pgtap-perl;     git clone --branch "v0.8.6" --depth 1 https://github.com/pgvector/pgvector.git /tmp/pgvector;     make -C /tmp/pgvector OPTFLAGS="";     make -C /tmp/pgvector install;     rm -rf /tmp/pgvector;     apt-get purge -y --auto-remove build-essential git postgresql-server-dev-17;     rm -rf /var/lib/apt/lists/*
#21 234.8 Get:18 http://deb.debian.org/debian bullseye/main amd64 binutils-common amd64 2.35.2-2 [2,220 kB]
#21 ...

#20 [tests stage-1 3/6] RUN apt-get update && apt-get install -y --no-install-recommends git && rm -rf /var/lib/apt/lists/*  && git config --system --add safe.directory /flatshare
#20 408.2 Get:12 http://deb.debian.org/debian trixie/main amd64 libkrb5support0 amd64 1.21.3-5+deb13u1 [33.1 kB]
#20 408.8 Get:13 http://deb.debian.org/debian trixie/main amd64 libcom-err2 amd64 1.47.2-3+b12 [25.0 kB]
#20 409.1 Get:14 http://deb.debian.org/debian trixie/main amd64 libk5crypto3 amd64 1.21.3-5+deb13u1 [81.2 kB]
#20 410.4 Get:15 http://deb.debian.org/debian trixie/main amd64 libkeyutils1 amd64 1.6.3-6 [9456 B]
#20 410.6 Get:16 http://deb.debian.org/debian trixie/main amd64 libkrb5-3 amd64 1.21.3-5+deb13u1 [326 kB]
#20 415.6 Get:17 http://deb.debian.org/debian trixie/main amd64 libgssapi-krb5-2 amd64 1.21.3-5+deb13u1 [138 kB]
#20 416.9 Get:18 http://deb.debian.org/debian trixie/main amd64 libsasl2-modules-db amd64 2.1.28+dfsg1-9 [19.8 kB]
#20 417.2 Get:19 http://deb.debian.org/debian trixie/main amd64 libsasl2-2 amd64 2.1.28+dfsg1-9 [57.5 kB]
#20 417.5 Get:20 http://deb.debian.org/debian trixie/main amd64 libldap2 amd64 2.6.10+dfsg-1 [194 kB]
#20 420.7 Get:21 http://deb.debian.org/debian trixie/main amd64 libnghttp2-14 amd64 1.64.0-1.1+deb13u1 [76.2 kB]
#20 422.6 Get:22 http://deb.debian.org/debian trixie/main amd64 libnghttp3-9 amd64 1.8.0-1 [67.7 kB]
#20 423.9 Get:23 http://deb.debian.org/debian trixie/main amd64 libngtcp2-16 amd64 1.11.0-1+deb13u1 [132 kB]
#20 426.4 Get:24 http://deb.debian.org/debian trixie/main amd64 libngtcp2-crypto-gnutls8 amd64 1.11.0-1+deb13u1 [29.5 kB]
#20 426.7 Get:25 http://deb.debian.org/debian trixie/main amd64 libpsl5t64 amd64 0.21.2-1.1+b1 [57.2 kB]
#20 427.3 Get:26 http://deb.debian.org/debian trixie/main amd64 librtmp1 amd64 2.4+20151223.gitfa8646d.1-2+b5 [58.8 kB]
#20 428.6 Get:27 http://deb.debian.org/debian trixie/main amd64 libssh2-1t64 amd64 1.11.1-1+deb13u2 [245 kB]
#20 434.5 Get:28 http://deb.debian.org/debian trixie/main amd64 libcurl3t64-gnutls amd64 8.14.1-2+deb13u5 [384 kB]
#20 441.2 Get:29 http://deb.debian.org/debian trixie/main amd64 liberror-perl all 0.17030-1 [26.9 kB]
#20 442.9 Get:30 http://deb.debian.org/debian trixie/main amd64 git-man all 1:2.47.3-0+deb13u1 [2205 kB]
#20 498.2 Get:31 http://deb.debian.org/debian trixie/main amd64 git amd64 1:2.47.3-0+deb13u1 [8862 kB]
#20 ...

#21 [postgres stage-1 2/4] RUN set -eux;     apt-get update;     apt-get install -y --no-install-recommends         build-essential git ca-certificates postgresql-server-dev-17         postgresql-17-pgtap libtap-parser-sourcehandler-pgtap-perl;     git clone --branch "v0.8.6" --depth 1 https://github.com/pgvector/pgvector.git /tmp/pgvector;     make -C /tmp/pgvector OPTFLAGS="";     make -C /tmp/pgvector install;     rm -rf /tmp/pgvector;     apt-get purge -y --auto-remove build-essential git postgresql-server-dev-17;     rm -rf /var/lib/apt/lists/*
#21 418.8 Err:18 http://deb.debian.org/debian bullseye/main amd64 binutils-common amd64 2.35.2-2
#21 418.8   Connection timed out [IP: 199.232.82.132 80]
#21 419.3 Get:19 http://deb.debian.org/debian bullseye/main amd64 libbinutils amd64 2.35.2-2 [570 kB]
#21 435.5 Get:20 http://deb.debian.org/debian bullseye/main amd64 libctf-nobfd0 amd64 2.35.2-2 [110 kB]
#21 436.9 Get:21 http://deb.debian.org/debian bullseye/main amd64 libctf0 amd64 2.35.2-2 [53.2 kB]
#21 437.4 Get:22 http://deb.debian.org/debian bullseye/main amd64 binutils-x86-64-linux-gnu amd64 2.35.2-2 [1,809 kB]
#21 455.1 Get:23 http://deb.debian.org/debian bullseye/main amd64 binutils amd64 2.35.2-2 [61.2 kB]
#21 455.6 Err:24 http://deb.debian.org/debian-security bullseye-security/main amd64 libc-dev-bin amd64 2.31-13+deb11u14
#21 455.6   404  Not Found [IP: 199.232.82.132 80]
#21 455.6 Err:25 http://deb.debian.org/debian-security bullseye-security/main amd64 linux-libc-dev amd64 5.10.262-1
#21 455.6   404  Not Found [IP: 199.232.82.132 80]
#21 455.7 Get:26 http://deb.debian.org/debian bullseye/main amd64 libcrypt-dev amd64 1:4.4.18-4 [104 kB]
#21 461.0 Get:27 http://deb.debian.org/debian bullseye/main amd64 libtirpc-dev amd64 1.3.1-1+deb11u1 [191 kB]
#21 463.9 Get:28 http://deb.debian.org/debian bullseye/main amd64 libnsl-dev amd64 1.3.0-2 [66.4 kB]
#21 464.6 Err:29 http://deb.debian.org/debian-security bullseye-security/main amd64 libc6-dev amd64 2.31-13+deb11u14
#21 464.6   404  Not Found [IP: 199.232.82.132 80]
#21 464.7 Get:30 http://deb.debian.org/debian bullseye/main amd64 libisl23 amd64 0.23-1 [676 kB]
#21 471.1 Get:31 http://deb.debian.org/debian bullseye/main amd64 libmpc3 amd64 1.2.0-1 [45.0 kB]
#21 471.6 Get:32 http://deb.debian.org/debian bullseye/main amd64 cpp-10 amd64 10.2.1-6 [8,528 kB]
#21 ...

#20 [tests stage-1 3/6] RUN apt-get update && apt-get install -y --no-install-recommends git && rm -rf /var/lib/apt/lists/*  && git config --system --add safe.directory /flatshare
#20 664.6 debconf: unable to initialize frontend: Dialog
#20 664.6 debconf: (TERM is not set, so the dialog frontend is not usable.)
#20 664.6 debconf: falling back to frontend: Readline
#20 664.6 debconf: unable to initialize frontend: Readline
#20 664.6 debconf: (Can't locate Term/ReadLine.pm in @INC (you may need to install the Term::ReadLine module) (@INC entries checked: /etc/perl /usr/local/lib/x86_64-linux-gnu/perl/5.40.1 /usr/local/share/perl/5.40.1 /usr/lib/x86_64-linux-gnu/perl5/5.40 /usr/share/perl5 /usr/lib/x86_64-linux-gnu/perl-base /usr/lib/x86_64-linux-gnu/perl/5.40 /usr/share/perl/5.40 /usr/local/lib/site_perl) at /usr/share/perl5/Debconf/FrontEnd/Readline.pm line 8, <STDIN> line 31.)
#20 664.6 debconf: falling back to frontend: Teletype
#20 664.6 debconf: unable to initialize frontend: Teletype
#20 664.6 debconf: (This frontend requires a controlling tty.)
#20 664.6 debconf: falling back to frontend: Noninteractive
#20 665.6 Fetched 23.6 MB in 8min 48s (44.8 kB/s)
#20 665.6 Selecting previously unselected package libexpat1:amd64.
#20 665.6 (Reading database ... 
(Reading database ... 5%
(Reading database ... 10%
(Reading database ... 15%
(Reading database ... 20%
(Reading database ... 25%
(Reading database ... 30%
(Reading database ... 35%
(Reading database ... 40%
(Reading database ... 45%
(Reading database ... 50%
(Reading database ... 55%
(Reading database ... 60%
(Reading database ... 65%
(Reading database ... 70%
(Reading database ... 75%
(Reading database ... 80%
(Reading database ... 85%
(Reading database ... 90%
(Reading database ... 95%
(Reading database ... 100%
(Reading database ... 5660 files and directories currently installed.)
#20 665.7 Preparing to unpack .../00-libexpat1_2.8.3-1~deb13u1_amd64.deb ...
#20 665.7 Unpacking libexpat1:amd64 (2.8.3-1~deb13u1) ...
#20 665.7 Selecting previously unselected package perl-modules-5.40.
#20 665.7 Preparing to unpack .../01-perl-modules-5.40_5.40.1-6+deb13u1_all.deb ...
#20 665.7 Unpacking perl-modules-5.40 (5.40.1-6+deb13u1) ...
#20 665.9 Selecting previously unselected package libgdbm-compat4t64:amd64.
#20 665.9 Preparing to unpack .../02-libgdbm-compat4t64_1.24-2_amd64.deb ...
#20 665.9 Unpacking libgdbm-compat4t64:amd64 (1.24-2) ...
#20 666.0 Selecting previously unselected package libperl5.40:amd64.
#20 666.0 Preparing to unpack .../03-libperl5.40_5.40.1-6+deb13u1_amd64.deb ...
#20 666.0 Unpacking libperl5.40:amd64 (5.40.1-6+deb13u1) ...
#20 666.2 Selecting previously unselected package perl.
#20 666.2 Preparing to unpack .../04-perl_5.40.1-6+deb13u1_amd64.deb ...
#20 666.2 Unpacking perl (5.40.1-6+deb13u1) ...
#20 666.2 Selecting previously unselected package libbrotli1:amd64.
#20 666.2 Preparing to unpack .../05-libbrotli1_1.1.0-2+b7_amd64.deb ...
#20 666.2 Unpacking libbrotli1:amd64 (1.1.0-2+b7) ...
#20 666.2 Selecting previously unselected package libunistring5:amd64.
#20 666.2 Preparing to unpack .../06-libunistring5_1.3-2_amd64.deb ...
#20 666.2 Unpacking libunistring5:amd64 (1.3-2) ...
#20 666.3 Selecting previously unselected package libidn2-0:amd64.
#20 666.3 Preparing to unpack .../07-libidn2-0_2.3.8-2_amd64.deb ...
#20 666.3 Unpacking libidn2-0:amd64 (2.3.8-2) ...
#20 666.3 Selecting previously unselected package libp11-kit0:amd64.
#20 666.3 Preparing to unpack .../08-libp11-kit0_0.25.5-3_amd64.deb ...
#20 666.3 Unpacking libp11-kit0:amd64 (0.25.5-3) ...
#20 666.3 Selecting previously unselected package libtasn1-6:amd64.
#20 666.3 Preparing to unpack .../09-libtasn1-6_4.20.0-2+deb13u1_amd64.deb ...
#20 666.4 Unpacking libtasn1-6:amd64 (4.20.0-2+deb13u1) ...
#20 666.4 Selecting previously unselected package libgnutls30t64:amd64.
#20 666.4 Preparing to unpack .../10-libgnutls30t64_3.8.9-3+deb13u4_amd64.deb ...
#20 666.4 Unpacking libgnutls30t64:amd64 (3.8.9-3+deb13u4) ...
#20 666.4 Selecting previously unselected package libkrb5support0:amd64.
#20 666.4 Preparing to unpack .../11-libkrb5support0_1.21.3-5+deb13u1_amd64.deb ...
#20 666.4 Unpacking libkrb5support0:amd64 (1.21.3-5+deb13u1) ...
#20 666.5 Selecting previously unselected package libcom-err2:amd64.
#20 666.5 Preparing to unpack .../12-libcom-err2_1.47.2-3+b12_amd64.deb ...
#20 666.5 Unpacking libcom-err2:amd64 (1.47.2-3+b12) ...
#20 666.5 Selecting previously unselected package libk5crypto3:amd64.
#20 666.5 Preparing to unpack .../13-libk5crypto3_1.21.3-5+deb13u1_amd64.deb ...
#20 666.5 Unpacking libk5crypto3:amd64 (1.21.3-5+deb13u1) ...
#20 666.5 Selecting previously unselected package libkeyutils1:amd64.
#20 666.5 Preparing to unpack .../14-libkeyutils1_1.6.3-6_amd64.deb ...
#20 666.5 Unpacking libkeyutils1:amd64 (1.6.3-6) ...
#20 666.5 Selecting previously unselected package libkrb5-3:amd64.
#20 666.5 Preparing to unpack .../15-libkrb5-3_1.21.3-5+deb13u1_amd64.deb ...
#20 666.5 Unpacking libkrb5-3:amd64 (1.21.3-5+deb13u1) ...
#20 666.6 Selecting previously unselected package libgssapi-krb5-2:amd64.
#20 666.6 Preparing to unpack .../16-libgssapi-krb5-2_1.21.3-5+deb13u1_amd64.deb ...
#20 666.6 Unpacking libgssapi-krb5-2:amd64 (1.21.3-5+deb13u1) ...
#20 666.6 Selecting previously unselected package libsasl2-modules-db:amd64.
#20 666.6 Preparing to unpack .../17-libsasl2-modules-db_2.1.28+dfsg1-9_amd64.deb ...
#20 666.6 Unpacking libsasl2-modules-db:amd64 (2.1.28+dfsg1-9) ...
#20 666.6 Selecting previously unselected package libsasl2-2:amd64.
#20 666.6 Preparing to unpack .../18-libsasl2-2_2.1.28+dfsg1-9_amd64.deb ...
#20 666.6 Unpacking libsasl2-2:amd64 (2.1.28+dfsg1-9) ...
#20 666.6 Selecting previously unselected package libldap2:amd64.
#20 666.6 Preparing to unpack .../19-libldap2_2.6.10+dfsg-1_amd64.deb ...
#20 666.6 Unpacking libldap2:amd64 (2.6.10+dfsg-1) ...
#20 666.7 Selecting previously unselected package libnghttp2-14:amd64.
#20 666.7 Preparing to unpack .../20-libnghttp2-14_1.64.0-1.1+deb13u1_amd64.deb ...
#20 666.7 Unpacking libnghttp2-14:amd64 (1.64.0-1.1+deb13u1) ...
#20 666.7 Selecting previously unselected package libnghttp3-9:amd64.
#20 666.7 Preparing to unpack .../21-libnghttp3-9_1.8.0-1_amd64.deb ...
#20 666.7 Unpacking libnghttp3-9:amd64 (1.8.0-1) ...
#20 666.7 Selecting previously unselected package libngtcp2-16:amd64.
#20 666.7 Preparing to unpack .../22-libngtcp2-16_1.11.0-1+deb13u1_amd64.deb ...
#20 666.7 Unpacking libngtcp2-16:amd64 (1.11.0-1+deb13u1) ...
#20 666.7 Selecting previously unselected package libngtcp2-crypto-gnutls8:amd64.
#20 666.7 Preparing to unpack .../23-libngtcp2-crypto-gnutls8_1.11.0-1+deb13u1_amd64.deb ...
#20 666.7 Unpacking libngtcp2-crypto-gnutls8:amd64 (1.11.0-1+deb13u1) ...
#20 666.8 Selecting previously unselected package libpsl5t64:amd64.
#20 666.8 Preparing to unpack .../24-libpsl5t64_0.21.2-1.1+b1_amd64.deb ...
#20 666.8 Unpacking libpsl5t64:amd64 (0.21.2-1.1+b1) ...
#20 666.8 Selecting previously unselected package librtmp1:amd64.
#20 666.8 Preparing to unpack .../25-librtmp1_2.4+20151223.gitfa8646d.1-2+b5_amd64.deb ...
#20 666.8 Unpacking librtmp1:amd64 (2.4+20151223.gitfa8646d.1-2+b5) ...
#20 666.8 Selecting previously unselected package libssh2-1t64:amd64.
#20 666.8 Preparing to unpack .../26-libssh2-1t64_1.11.1-1+deb13u2_amd64.deb ...
#20 666.8 Unpacking libssh2-1t64:amd64 (1.11.1-1+deb13u2) ...
#20 666.8 Selecting previously unselected package libcurl3t64-gnutls:amd64.
#20 666.8 Preparing to unpack .../27-libcurl3t64-gnutls_8.14.1-2+deb13u5_amd64.deb ...
#20 666.8 Unpacking libcurl3t64-gnutls:amd64 (8.14.1-2+deb13u5) ...
#20 666.9 Selecting previously unselected package liberror-perl.
#20 666.9 Preparing to unpack .../28-liberror-perl_0.17030-1_all.deb ...
#20 666.9 Unpacking liberror-perl (0.17030-1) ...
#20 666.9 Selecting previously unselected package git-man.
#20 666.9 Preparing to unpack .../29-git-man_1%3a2.47.3-0+deb13u1_all.deb ...
#20 666.9 Unpacking git-man (1:2.47.3-0+deb13u1) ...
#20 666.9 Selecting previously unselected package git.
#20 666.9 Preparing to unpack .../30-git_1%3a2.47.3-0+deb13u1_amd64.deb ...
#20 667.0 Unpacking git (1:2.47.3-0+deb13u1) ...
#20 667.2 Setting up libexpat1:amd64 (2.8.3-1~deb13u1) ...
#20 667.2 Setting up libkeyutils1:amd64 (1.6.3-6) ...
#20 667.3 Setting up libgdbm-compat4t64:amd64 (1.24-2) ...
#20 667.3 Setting up libbrotli1:amd64 (1.1.0-2+b7) ...
#20 667.3 Setting up libnghttp2-14:amd64 (1.64.0-1.1+deb13u1) ...
#20 667.3 Setting up libcom-err2:amd64 (1.47.2-3+b12) ...
#20 667.3 Setting up libkrb5support0:amd64 (1.21.3-5+deb13u1) ...
#20 667.3 Setting up libsasl2-modules-db:amd64 (2.1.28+dfsg1-9) ...
#20 667.3 Setting up libp11-kit0:amd64 (0.25.5-3) ...
#20 667.3 Setting up libunistring5:amd64 (1.3-2) ...
#20 667.3 Setting up libk5crypto3:amd64 (1.21.3-5+deb13u1) ...
#20 667.3 Setting up libsasl2-2:amd64 (2.1.28+dfsg1-9) ...
#20 667.3 Setting up libnghttp3-9:amd64 (1.8.0-1) ...
#20 667.3 Setting up perl-modules-5.40 (5.40.1-6+deb13u1) ...
#20 667.3 Setting up libtasn1-6:amd64 (4.20.0-2+deb13u1) ...
#20 667.4 Setting up git-man (1:2.47.3-0+deb13u1) ...
#20 667.4 Setting up libngtcp2-16:amd64 (1.11.0-1+deb13u1) ...
#20 667.4 Setting up libkrb5-3:amd64 (1.21.3-5+deb13u1) ...
#20 667.4 Setting up libssh2-1t64:amd64 (1.11.1-1+deb13u2) ...
#20 667.4 Setting up libldap2:amd64 (2.6.10+dfsg-1) ...
#20 667.4 Setting up libidn2-0:amd64 (2.3.8-2) ...
#20 667.4 Setting up libperl5.40:amd64 (5.40.1-6+deb13u1) ...
#20 667.4 Setting up perl (5.40.1-6+deb13u1) ...
#20 667.4 Setting up libgssapi-krb5-2:amd64 (1.21.3-5+deb13u1) ...
#20 667.4 Setting up libgnutls30t64:amd64 (3.8.9-3+deb13u4) ...
#20 667.4 Setting up libpsl5t64:amd64 (0.21.2-1.1+b1) ...
#20 667.4 Setting up liberror-perl (0.17030-1) ...
#20 667.4 Setting up librtmp1:amd64 (2.4+20151223.gitfa8646d.1-2+b5) ...
#20 667.4 Setting up libngtcp2-crypto-gnutls8:amd64 (1.11.0-1+deb13u1) ...
#20 667.4 Setting up libcurl3t64-gnutls:amd64 (8.14.1-2+deb13u5) ...
#20 667.5 Setting up git (1:2.47.3-0+deb13u1) ...
#20 667.5 Processing triggers for libc-bin (2.41-12+deb13u4) ...
#20 DONE 667.7s

#21 [postgres stage-1 2/4] RUN set -eux;     apt-get update;     apt-get install -y --no-install-recommends         build-essential git ca-certificates postgresql-server-dev-17         postgresql-17-pgtap libtap-parser-sourcehandler-pgtap-perl;     git clone --branch "v0.8.6" --depth 1 https://github.com/pgvector/pgvector.git /tmp/pgvector;     make -C /tmp/pgvector OPTFLAGS="";     make -C /tmp/pgvector install;     rm -rf /tmp/pgvector;     apt-get purge -y --auto-remove build-essential git postgresql-server-dev-17;     rm -rf /var/lib/apt/lists/*
#21 ...

#22 [tests stage-1 4/6] COPY requirements-dev.txt /tmp/requirements-dev.txt
#22 DONE 0.0s

#23 [tests stage-1 5/6] RUN pip install --no-cache-dir -r /tmp/requirements-dev.txt
#23 1.981 Collecting httpx==0.28.1 (from -r /tmp/requirements-dev.txt (line 1))
#23 2.414   Downloading httpx-0.28.1-py3-none-any.whl.metadata (7.1 kB)
#23 2.612 Collecting pytest==9.1.1 (from -r /tmp/requirements-dev.txt (line 2))
#23 2.734   Downloading pytest-9.1.1-py3-none-any.whl.metadata (7.6 kB)
#23 2.911 Collecting psycopg==3.3.6 (from psycopg[binary]==3.3.6->-r /tmp/requirements-dev.txt (line 3))
#23 3.014   Downloading psycopg-3.3.6-py3-none-any.whl.metadata (4.4 kB)
#23 3.153 Collecting detect-secrets==1.5.0 (from -r /tmp/requirements-dev.txt (line 4))
#23 3.278   Downloading detect_secrets-1.5.0-py3-none-any.whl.metadata (23 kB)
#23 3.420 Collecting openapi-spec-validator==0.9.0 (from -r /tmp/requirements-dev.txt (line 5))
#23 3.576   Downloading openapi_spec_validator-0.9.0-py3-none-any.whl.metadata (6.5 kB)
#23 3.706 Collecting jsonschema==4.26.0 (from -r /tmp/requirements-dev.txt (line 6))
#23 3.883   Downloading jsonschema-4.26.0-py3-none-any.whl.metadata (7.6 kB)
#23 4.039 Collecting PyYAML==6.0.3 (from -r /tmp/requirements-dev.txt (line 7))
#23 4.159   Downloading pyyaml-6.0.3-cp312-cp312-manylinux2014_x86_64.manylinux_2_17_x86_64.manylinux_2_28_x86_64.whl.metadata (2.4 kB)
#23 4.267 Collecting anyio (from httpx==0.28.1->-r /tmp/requirements-dev.txt (line 1))
#23 4.376   Downloading anyio-4.15.1-py3-none-any.whl.metadata (4.7 kB)
#23 4.493 Collecting certifi (from httpx==0.28.1->-r /tmp/requirements-dev.txt (line 1))
#23 4.609   Downloading certifi-2026.7.22-py3-none-any.whl.metadata (2.5 kB)
#23 4.732 Collecting httpcore==1.* (from httpx==0.28.1->-r /tmp/requirements-dev.txt (line 1))
#23 4.843   Downloading httpcore-1.0.9-py3-none-any.whl.metadata (21 kB)
#23 4.977 Collecting idna (from httpx==0.28.1->-r /tmp/requirements-dev.txt (line 1))
#23 5.085   Downloading idna-3.20-py3-none-any.whl.metadata (7.2 kB)
#23 5.195 Collecting iniconfig>=1.0.1 (from pytest==9.1.1->-r /tmp/requirements-dev.txt (line 2))
#23 5.319   Downloading iniconfig-2.3.0-py3-none-any.whl.metadata (2.5 kB)
#23 5.430 Collecting packaging>=22 (from pytest==9.1.1->-r /tmp/requirements-dev.txt (line 2))
#23 5.529   Downloading packaging-26.3-py3-none-any.whl.metadata (3.5 kB)
#23 5.628 Collecting pluggy<2,>=1.5 (from pytest==9.1.1->-r /tmp/requirements-dev.txt (line 2))
#23 5.735   Downloading pluggy-1.6.0-py3-none-any.whl.metadata (4.8 kB)
#23 5.940 Collecting pygments>=2.7.2 (from pytest==9.1.1->-r /tmp/requirements-dev.txt (line 2))
#23 6.046   Downloading pygments-2.21.0-py3-none-any.whl.metadata (2.5 kB)
#23 6.175 Collecting typing-extensions>=4.6 (from psycopg==3.3.6->psycopg[binary]==3.3.6->-r /tmp/requirements-dev.txt (line 3))
#23 6.295   Downloading typing_extensions-4.16.0-py3-none-any.whl.metadata (3.3 kB)
#23 6.453 Collecting requests (from detect-secrets==1.5.0->-r /tmp/requirements-dev.txt (line 4))
#23 6.564   Downloading requests-2.34.2-py3-none-any.whl.metadata (4.8 kB)
#23 6.775 Collecting jsonschema-path<0.6.0,>=0.5.0 (from openapi-spec-validator==0.9.0->-r /tmp/requirements-dev.txt (line 5))
#23 6.888   Downloading jsonschema_path-0.5.0-py3-none-any.whl.metadata (8.1 kB)
#23 7.059 Collecting lazy-object-proxy<2.0,>=1.7.1 (from openapi-spec-validator==0.9.0->-r /tmp/requirements-dev.txt (line 5))
#23 7.258   Downloading lazy_object_proxy-1.12.0-cp312-cp312-manylinux1_x86_64.manylinux_2_28_x86_64.manylinux_2_5_x86_64.whl.metadata (5.1 kB)
#23 7.368 Collecting openapi-schema-validator<0.10.0,>=0.9.0 (from openapi-spec-validator==0.9.0->-r /tmp/requirements-dev.txt (line 5))
#23 7.478   Downloading openapi_schema_validator-0.9.0-py3-none-any.whl.metadata (10 kB)
#23 7.973 Collecting pydantic<3.0.0,>=2.0.0 (from openapi-spec-validator==0.9.0->-r /tmp/requirements-dev.txt (line 5))
#23 8.199   Downloading pydantic-2.13.5-py3-none-any.whl.metadata (110 kB)
#23 8.611 Collecting pydantic-settings<3.0.0,>=2.0.0 (from openapi-spec-validator==0.9.0->-r /tmp/requirements-dev.txt (line 5))
#23 8.733   Downloading pydantic_settings-2.15.0-py3-none-any.whl.metadata (3.9 kB)
#23 8.847 Collecting attrs>=22.2.0 (from jsonschema==4.26.0->-r /tmp/requirements-dev.txt (line 6))
#23 8.969   Downloading attrs-26.1.0-py3-none-any.whl.metadata (8.8 kB)
#23 9.616 Collecting jsonschema-specifications>=2023.03.6 (from jsonschema==4.26.0->-r /tmp/requirements-dev.txt (line 6))
#23 9.743   Downloading jsonschema_specifications-2025.9.1-py3-none-any.whl.metadata (2.9 kB)
#23 9.886 Collecting referencing>=0.28.4 (from jsonschema==4.26.0->-r /tmp/requirements-dev.txt (line 6))
#23 10.05   Downloading referencing-0.37.0-py3-none-any.whl.metadata (2.8 kB)
#23 11.05 Collecting rpds-py>=0.25.0 (from jsonschema==4.26.0->-r /tmp/requirements-dev.txt (line 6))
#23 11.16   Downloading rpds_py-2026.6.3-cp312-cp312-manylinux_2_17_x86_64.manylinux2014_x86_64.whl.metadata (4.1 kB)
#23 11.59 Collecting psycopg-binary==3.3.6 (from psycopg[binary]==3.3.6->-r /tmp/requirements-dev.txt (line 3))
#23 11.71   Downloading psycopg_binary-3.3.6-cp312-cp312-manylinux2014_x86_64.manylinux_2_17_x86_64.whl.metadata (2.7 kB)
#23 11.82 Collecting h11>=0.16 (from httpcore==1.*->httpx==0.28.1->-r /tmp/requirements-dev.txt (line 1))
#23 11.93   Downloading h11-0.16.0-py3-none-any.whl.metadata (8.3 kB)
#23 12.20 Collecting pathable<0.7.0,>=0.6.0 (from jsonschema-path<0.6.0,>=0.5.0->openapi-spec-validator==0.9.0->-r /tmp/requirements-dev.txt (line 5))
#23 12.30   Downloading pathable-0.6.0-py3-none-any.whl.metadata (7.2 kB)
#23 12.46 Collecting rfc3339-validator (from openapi-schema-validator<0.10.0,>=0.9.0->openapi-spec-validator==0.9.0->-r /tmp/requirements-dev.txt (line 5))
#23 12.56   Downloading rfc3339_validator-0.1.4-py2.py3-none-any.whl.metadata (1.5 kB)
#23 12.70 Collecting annotated-types>=0.6.0 (from pydantic<3.0.0,>=2.0.0->openapi-spec-validator==0.9.0->-r /tmp/requirements-dev.txt (line 5))
#23 12.83   Downloading annotated_types-0.8.0-py3-none-any.whl.metadata (15 kB)
#23 ...

#21 [postgres stage-1 2/4] RUN set -eux;     apt-get update;     apt-get install -y --no-install-recommends         build-essential git ca-certificates postgresql-server-dev-17         postgresql-17-pgtap libtap-parser-sourcehandler-pgtap-perl;     git clone --branch "v0.8.6" --depth 1 https://github.com/pgvector/pgvector.git /tmp/pgvector;     make -C /tmp/pgvector OPTFLAGS="";     make -C /tmp/pgvector install;     rm -rf /tmp/pgvector;     apt-get purge -y --auto-remove build-essential git postgresql-server-dev-17;     rm -rf /var/lib/apt/lists/*
#21 544.9 Get:33 http://deb.debian.org/debian bullseye/main amd64 cpp amd64 4:10.2.1-1 [19.7 kB]
#21 545.0 Get:34 http://deb.debian.org/debian bullseye/main amd64 libcc1-0 amd64 10.2.1-6 [47.0 kB]
#21 545.3 Get:35 http://deb.debian.org/debian bullseye/main amd64 libgomp1 amd64 10.2.1-6 [99.9 kB]
#21 546.2 Get:36 http://deb.debian.org/debian bullseye/main amd64 libitm1 amd64 10.2.1-6 [25.8 kB]
#21 546.5 Get:37 http://deb.debian.org/debian bullseye/main amd64 libatomic1 amd64 10.2.1-6 [9,008 B]
#21 546.7 Get:38 http://deb.debian.org/debian bullseye/main amd64 libasan6 amd64 10.2.1-6 [2,065 kB]
#21 ...

#23 [tests stage-1 5/6] RUN pip install --no-cache-dir -r /tmp/requirements-dev.txt
#23 15.65 Collecting pydantic-core==2.46.5 (from pydantic<3.0.0,>=2.0.0->openapi-spec-validator==0.9.0->-r /tmp/requirements-dev.txt (line 5))
#23 15.76   Downloading pydantic_core-2.46.5-cp312-cp312-manylinux_2_17_x86_64.manylinux2014_x86_64.whl.metadata (6.6 kB)
#23 15.88 Collecting typing-inspection>=0.4.2 (from pydantic<3.0.0,>=2.0.0->openapi-spec-validator==0.9.0->-r /tmp/requirements-dev.txt (line 5))
#23 15.99   Downloading typing_inspection-0.4.4-py3-none-any.whl.metadata (2.6 kB)
#23 16.15 Collecting python-dotenv>=0.21.0 (from pydantic-settings<3.0.0,>=2.0.0->openapi-spec-validator==0.9.0->-r /tmp/requirements-dev.txt (line 5))
#23 16.27   Downloading python_dotenv-1.2.3-py3-none-any.whl.metadata (29 kB)
#23 17.42 Collecting charset_normalizer<4,>=2 (from requests->detect-secrets==1.5.0->-r /tmp/requirements-dev.txt (line 4))
#23 17.60   Downloading charset_normalizer-3.5.1-cp312-cp312-manylinux2014_x86_64.manylinux_2_17_x86_64.manylinux_2_28_x86_64.whl.metadata (45 kB)
#23 17.98 Collecting urllib3<3,>=1.26 (from requests->detect-secrets==1.5.0->-r /tmp/requirements-dev.txt (line 4))
#23 18.10   Downloading urllib3-2.8.0-py3-none-any.whl.metadata (7.4 kB)
#23 18.90 Collecting six (from rfc3339-validator->openapi-schema-validator<0.10.0,>=0.9.0->openapi-spec-validator==0.9.0->-r /tmp/requirements-dev.txt (line 5))
#23 19.59   Downloading six-1.17.0-py2.py3-none-any.whl.metadata (1.7 kB)
#23 19.71 Downloading httpx-0.28.1-py3-none-any.whl (73 kB)
#23 21.84 Downloading pytest-9.1.1-py3-none-any.whl (386 kB)
#23 26.47 Downloading psycopg-3.3.6-py3-none-any.whl (215 kB)
#23 31.41 Downloading detect_secrets-1.5.0-py3-none-any.whl (120 kB)
#23 34.52 Downloading openapi_spec_validator-0.9.0-py3-none-any.whl (50 kB)
#23 35.38 Downloading jsonschema-4.26.0-py3-none-any.whl (90 kB)
#23 36.55 Downloading pyyaml-6.0.3-cp312-cp312-manylinux2014_x86_64.manylinux_2_17_x86_64.manylinux_2_28_x86_64.whl (807 kB)
#23 48.21    ΓöüΓöüΓöüΓöüΓöüΓöüΓöüΓöüΓöüΓöüΓöüΓöüΓöüΓöüΓöüΓöüΓöüΓöüΓöüΓöüΓöüΓöüΓöüΓöüΓöüΓöüΓöüΓöüΓöüΓöüΓöüΓöüΓöüΓöüΓöüΓöüΓöüΓöüΓöüΓöü 807.9/807.9 kB 67.8 kB/s eta 0:00:00
#23 48.34 Downloading httpcore-1.0.9-py3-none-any.whl (78 kB)
#23 49.67 Downloading psycopg_binary-3.3.6-cp312-cp312-manylinux2014_x86_64.manylinux_2_17_x86_64.whl (5.2 MB)
#23 ...

#21 [postgres stage-1 2/4] RUN set -eux;     apt-get update;     apt-get install -y --no-install-recommends         build-essential git ca-certificates postgresql-server-dev-17         postgresql-17-pgtap libtap-parser-sourcehandler-pgtap-perl;     git clone --branch "v0.8.6" --depth 1 https://github.com/pgvector/pgvector.git /tmp/pgvector;     make -C /tmp/pgvector OPTFLAGS="";     make -C /tmp/pgvector install;     rm -rf /tmp/pgvector;     apt-get purge -y --auto-remove build-essential git postgresql-server-dev-17;     rm -rf /var/lib/apt/lists/*
#21 623.2 Get:39 http://deb.debian.org/debian bullseye/main amd64 liblsan0 amd64 10.2.1-6 [828 kB]
#21 ...

#23 [tests stage-1 5/6] RUN pip install --no-cache-dir -r /tmp/requirements-dev.txt
#23 98.57    ΓöüΓöüΓöüΓöüΓöüΓöüΓöüΓöüΓöüΓöüΓöüΓöüΓöüΓöüΓöüΓöüΓöüΓöüΓöüΓöüΓöüΓöüΓöüΓöüΓöüΓöüΓöüΓöüΓöüΓöüΓöüΓöüΓöüΓöüΓöüΓöüΓöüΓöüΓöüΓöü 5.2/5.2 MB 113.4 kB/s eta 0:00:00
#23 98.69 Downloading attrs-26.1.0-py3-none-any.whl (67 kB)
#23 99.30 Downloading iniconfig-2.3.0-py3-none-any.whl (7.5 kB)
#23 99.47 Downloading jsonschema_path-0.5.0-py3-none-any.whl (24 kB)
#23 99.96 Downloading jsonschema_specifications-2025.9.1-py3-none-any.whl (18 kB)
#23 100.1 Downloading lazy_object_proxy-1.12.0-cp312-cp312-manylinux1_x86_64.manylinux_2_28_x86_64.manylinux_2_5_x86_64.whl (71 kB)
#23 101.0 Downloading openapi_schema_validator-0.9.0-py3-none-any.whl (19 kB)
#23 101.4 Downloading packaging-26.3-py3-none-any.whl (129 kB)
#23 103.3 Downloading pluggy-1.6.0-py3-none-any.whl (20 kB)
#23 103.5 Downloading pydantic-2.13.5-py3-none-any.whl (472 kB)
#23 107.4 Downloading pydantic_core-2.46.5-cp312-cp312-manylinux_2_17_x86_64.manylinux2014_x86_64.whl (2.1 MB)
#23 ...

#21 [postgres stage-1 2/4] RUN set -eux;     apt-get update;     apt-get install -y --no-install-recommends         build-essential git ca-certificates postgresql-server-dev-17         postgresql-17-pgtap libtap-parser-sourcehandler-pgtap-perl;     git clone --branch "v0.8.6" --depth 1 https://github.com/pgvector/pgvector.git /tmp/pgvector;     make -C /tmp/pgvector OPTFLAGS="";     make -C /tmp/pgvector install;     rm -rf /tmp/pgvector;     apt-get purge -y --auto-remove build-essential git postgresql-server-dev-17;     rm -rf /var/lib/apt/lists/*
#21 628.8 Get:40 http://deb.debian.org/debian bullseye/main amd64 libtsan0 amd64 10.2.1-6 [2,000 kB]
#21 ...

#23 [tests stage-1 5/6] RUN pip install --no-cache-dir -r /tmp/requirements-dev.txt
#23 127.2    ΓöüΓöüΓöüΓöüΓöüΓöüΓöüΓöüΓöüΓöüΓöüΓöüΓöüΓöüΓöüΓöüΓöüΓöüΓöüΓöüΓöüΓöüΓöüΓöüΓöüΓöüΓöüΓöüΓöüΓöüΓöüΓöüΓöüΓöüΓöüΓöüΓöüΓöüΓöüΓöü 2.1/2.1 MB 104.3 kB/s eta 0:00:00
#23 127.5 Downloading pydantic_settings-2.15.0-py3-none-any.whl (69 kB)
#23 128.2 Downloading pygments-2.21.0-py3-none-any.whl (1.3 MB)
#23 143.0    ΓöüΓöüΓöüΓöüΓöüΓöüΓöüΓöüΓöüΓöüΓöüΓöüΓöüΓöüΓöüΓöüΓöüΓöüΓöüΓöüΓöüΓöüΓöüΓöüΓöüΓöüΓöüΓöüΓöüΓöüΓöüΓöüΓöüΓöüΓöüΓöüΓöüΓöüΓöüΓöü 1.3/1.3 MB 78.8 kB/s eta 0:00:00
#23 143.2 Downloading referencing-0.37.0-py3-none-any.whl (26 kB)
#23 143.5 Downloading rpds_py-2026.6.3-cp312-cp312-manylinux_2_17_x86_64.manylinux2014_x86_64.whl (366 kB)
#23 148.3 Downloading typing_extensions-4.16.0-py3-none-any.whl (45 kB)
#23 149.4 Downloading anyio-4.15.1-py3-none-any.whl (132 kB)
#23 151.1 Downloading idna-3.20-py3-none-any.whl (69 kB)
#23 152.0 Downloading certifi-2026.7.22-py3-none-any.whl (136 kB)
#23 153.3 Downloading requests-2.34.2-py3-none-any.whl (73 kB)
#23 154.1 Downloading annotated_types-0.8.0-py3-none-any.whl (13 kB)
#23 154.3 Downloading charset_normalizer-3.5.1-cp312-cp312-manylinux2014_x86_64.manylinux_2_17_x86_64.manylinux_2_28_x86_64.whl (248 kB)
#23 156.2 Downloading h11-0.16.0-py3-none-any.whl (37 kB)
#23 156.5 Downloading pathable-0.6.0-py3-none-any.whl (18 kB)
#23 156.9 Downloading python_dotenv-1.2.3-py3-none-any.whl (22 kB)
#23 157.1 Downloading typing_inspection-0.4.4-py3-none-any.whl (14 kB)
#23 157.3 Downloading urllib3-2.8.0-py3-none-any.whl (135 kB)
#23 158.6 Downloading rfc3339_validator-0.1.4-py2.py3-none-any.whl (3.5 kB)
#23 158.8 Downloading six-1.17.0-py2.py3-none-any.whl (11 kB)
#23 ...

#21 [postgres stage-1 2/4] RUN set -eux;     apt-get update;     apt-get install -y --no-install-recommends         build-essential git ca-certificates postgresql-server-dev-17         postgresql-17-pgtap libtap-parser-sourcehandler-pgtap-perl;     git clone --branch "v0.8.6" --depth 1 https://github.com/pgvector/pgvector.git /tmp/pgvector;     make -C /tmp/pgvector OPTFLAGS="";     make -C /tmp/pgvector install;     rm -rf /tmp/pgvector;     apt-get purge -y --auto-remove build-essential git postgresql-server-dev-17;     rm -rf /var/lib/apt/lists/*
#21 688.6 Get:41 http://deb.debian.org/debian bullseye/main amd64 libubsan1 amd64 10.2.1-6 [777 kB]
#21 ...

#23 [tests stage-1 5/6] RUN pip install --no-cache-dir -r /tmp/requirements-dev.txt
#23 158.9 Installing collected packages: urllib3, typing-extensions, six, rpds-py, PyYAML, python-dotenv, pygments, psycopg-binary, pluggy, pathable, packaging, lazy-object-proxy, iniconfig, idna, h11, charset_normalizer, certifi, attrs, annotated-types, typing-inspection, rfc3339-validator, requests, referencing, pytest, pydantic-core, psycopg, httpcore, anyio, pydantic, jsonschema-specifications, jsonschema-path, httpx, detect-secrets, pydantic-settings, jsonschema, openapi-schema-validator, openapi-spec-validator
#23 160.9 Successfully installed PyYAML-6.0.3 annotated-types-0.8.0 anyio-4.15.1 attrs-26.1.0 certifi-2026.7.22 charset_normalizer-3.5.1 detect-secrets-1.5.0 h11-0.16.0 httpcore-1.0.9 httpx-0.28.1 idna-3.20 iniconfig-2.3.0 jsonschema-4.26.0 jsonschema-path-0.5.0 jsonschema-specifications-2025.9.1 lazy-object-proxy-1.12.0 openapi-schema-validator-0.9.0 openapi-spec-validator-0.9.0 packaging-26.3 pathable-0.6.0 pluggy-1.6.0 psycopg-3.3.6 psycopg-binary-3.3.6 pydantic-2.13.5 pydantic-core-2.46.5 pydantic-settings-2.15.0 pygments-2.21.0 pytest-9.1.1 python-dotenv-1.2.3 referencing-0.37.0 requests-2.34.2 rfc3339-validator-0.1.4 rpds-py-2026.6.3 six-1.17.0 typing-extensions-4.16.0 typing-inspection-0.4.4 urllib3-2.8.0
#23 160.9 WARNING: Running pip as the 'root' user can result in broken permissions and conflicting behaviour with the system package manager, possibly rendering your system unusable. It is recommended to use a virtual environment instead: https://pip.pypa.io/warnings/venv. Use the --root-user-action option if you know what you are doing and want to suppress this warning.
#23 165.2 
#23 165.2 [notice] A new release of pip is available: 25.0.1 -> 26.2.1
#23 165.2 [notice] To update, run: pip install --upgrade pip
#23 DONE 165.4s

#21 [postgres stage-1 2/4] RUN set -eux;     apt-get update;     apt-get install -y --no-install-recommends         build-essential git ca-certificates postgresql-server-dev-17         postgresql-17-pgtap libtap-parser-sourcehandler-pgtap-perl;     git clone --branch "v0.8.6" --depth 1 https://github.com/pgvector/pgvector.git /tmp/pgvector;     make -C /tmp/pgvector OPTFLAGS="";     make -C /tmp/pgvector install;     rm -rf /tmp/pgvector;     apt-get purge -y --auto-remove build-essential git postgresql-server-dev-17;     rm -rf /var/lib/apt/lists/*
#21 ...

#24 [tests stage-1 6/6] WORKDIR /flatshare
#24 DONE 0.1s

#25 [tests] exporting to image
#25 exporting layers
#25 exporting layers 3.9s done
#25 exporting manifest sha256:d98c9511cf8889a45dabc336e93c6ff2321bbafa98ca0b28573964fa45c08b40 done
#25 exporting config sha256:a770c7f580d86086898523c08e7fe5d36054b8cf2e590c64512115040c6daa5e done
#25 exporting attestation manifest sha256:96a21c6a3b4ae1a570aad43a3294e7cc237cf152c124ad64a0dc95820ce71d14 done
#25 exporting manifest list sha256:4bc772efef9dd90b26da8bb5349cb6855e03e05e38353f48fd92497db5101dff done
#25 naming to docker.io/flatshare/tests:py3.12.14 done
#25 unpacking to docker.io/flatshare/tests:py3.12.14
#25 unpacking to docker.io/flatshare/tests:py3.12.14 1.6s done
#25 DONE 5.5s

#26 [tests] resolving provenance for metadata file
#26 DONE 0.0s

#21 [postgres stage-1 2/4] RUN set -eux;     apt-get update;     apt-get install -y --no-install-recommends         build-essential git ca-certificates postgresql-server-dev-17         postgresql-17-pgtap libtap-parser-sourcehandler-pgtap-perl;     git clone --branch "v0.8.6" --depth 1 https://github.com/pgvector/pgvector.git /tmp/pgvector;     make -C /tmp/pgvector OPTFLAGS="";     make -C /tmp/pgvector install;     rm -rf /tmp/pgvector;     apt-get purge -y --auto-remove build-essential git postgresql-server-dev-17;     rm -rf /var/lib/apt/lists/*
#21 718.9 Get:42 http://deb.debian.org/debian bullseye/main amd64 libgcc-10-dev amd64 10.2.1-6 [2,328 kB]
#21 737.1 Get:43 http://deb.debian.org/debian bullseye/main amd64 gcc-10 amd64 10.2.1-6 [17.0 MB]
#21 867.6 Get:44 http://deb.debian.org/debian bullseye/main amd64 gcc amd64 4:10.2.1-1 [5,192 B]
#21 867.7 Get:45 http://deb.debian.org/debian bullseye/main amd64 libstdc++-10-dev amd64 10.2.1-6 [1,741 kB]
#21 885.6 Get:46 http://deb.debian.org/debian bullseye/main amd64 g++-10 amd64 10.2.1-6 [9,380 kB]
#21 1185.6 Get:47 http://deb.debian.org/debian bullseye/main amd64 g++ amd64 4:10.2.1-1 [1,644 B]
#21 1185.6 Get:48 http://deb.debian.org/debian bullseye/main amd64 make amd64 4.3-4.1 [396 kB]
#21 1198.9 Err:49 http://deb.debian.org/debian-security bullseye-security/main amd64 libdpkg-perl all 1.20.14
#21 1198.9   404  Not Found [IP: 199.232.82.132 80]
#21 1199.2 Get:50 http://deb.debian.org/debian bullseye/main amd64 patch amd64 2.7.6-7 [128 kB]
#21 1202.5 Err:51 http://deb.debian.org/debian-security bullseye-security/main amd64 dpkg-dev all 1.20.14
#21 1202.5   404  Not Found [IP: 199.232.82.132 80]
#21 1202.5 Get:52 http://deb.debian.org/debian bullseye/main amd64 build-essential amd64 12.9 [7,704 B]
#21 1203.5 Get:53 http://deb.debian.org/debian bullseye/main amd64 libclang-cpp16 amd64 1:16.0.6-15~deb11u2 [11.5 MB]
#21 1537.2 Get:54 http://deb.debian.org/debian bullseye/main amd64 libgc1 amd64 1:8.0.4-3 [239 kB]
#21 1544.7 Get:55 http://deb.debian.org/debian bullseye/main amd64 libobjc4 amd64 10.2.1-6 [41.8 kB]
#21 1545.5 Get:56 http://deb.debian.org/debian bullseye/main amd64 libobjc-10-dev amd64 10.2.1-6 [170 kB]
#21 1547.6 Get:57 http://deb.debian.org/debian bullseye/main amd64 libclang-common-16-dev all 1:16.0.6-15~deb11u2 [683 kB]
#21 1570.8 Get:58 http://deb.debian.org/debian bullseye/main amd64 llvm-16-linker-tools amd64 1:16.0.6-15~deb11u2 [1,258 kB]
#21 1601.0 Get:59 http://deb.debian.org/debian bullseye/main amd64 libclang1-16 amd64 1:16.0.6-15~deb11u2 [6,575 kB]
#21 1738.9 Get:60 http://deb.debian.org/debian bullseye/main amd64 clang-16 amd64 1:16.0.6-15~deb11u2 [137 kB]
#21 1741.3 Get:61 http://deb.debian.org/debian bullseye/main amd64 liberror-perl all 0.17029-1 [31.0 kB]
#21 1741.7 Err:62 http://deb.debian.org/debian-security bullseye-security/main amd64 git-man all 1:2.30.2-1+deb11u5
#21 1741.7   404  Not Found [IP: 199.232.82.132 80]
#21 1741.7 Err:63 http://deb.debian.org/debian-security bullseye-security/main amd64 git amd64 1:2.30.2-1+deb11u5
#21 1741.7   404  Not Found [IP: 199.232.82.132 80]
#21 1741.7 Err:64 http://deb.debian.org/debian-security bullseye-security/main amd64 icu-devtools amd64 67.1-7+deb11u1
#21 1741.7   404  Not Found [IP: 199.232.82.132 80]
#21 1741.8 Err:65 http://deb.debian.org/debian-security bullseye-security/main amd64 libcurl4 amd64 7.74.0-1.3+deb11u16
#21 1741.8   404  Not Found [IP: 199.232.82.132 80]
#21 1741.8 Get:66 http://deb.debian.org/debian bullseye/main amd64 libffi-dev amd64 3.3-6 [56.5 kB]
#21 1742.4 Err:67 http://deb.debian.org/debian-security bullseye-security/main amd64 libicu-dev amd64 67.1-7+deb11u1
#21 1742.4   404  Not Found [IP: 199.232.82.132 80]
#21 1742.5 Get:68 http://deb.debian.org/debian bullseye/main amd64 libncurses6 amd64 6.2+20201114-2+deb11u2 [102 kB]
#21 1743.9 Get:69 http://deb.debian.org/debian bullseye/main amd64 libncurses-dev amd64 6.2+20201114-2+deb11u2 [344 kB]
#21 1751.3 Get:70 http://deb.debian.org/debian bullseye/main amd64 libpfm4 amd64 4.11.1+git32-gd0b85fb-1 [286 kB]
#21 1758.9 Err:71 http://deb.debian.org/debian-security bullseye-security/main amd64 libssl-dev amd64 1.1.1w-0+deb11u8
#21 1758.9   404  Not Found [IP: 199.232.82.132 80]
#21 1759.0 Err:72 http://deb.debian.org/debian-security bullseye-security/main amd64 libxml2 amd64 2.9.10+dfsg-6.7+deb11u10
#21 1759.0   404  Not Found [IP: 199.232.82.132 80]
#21 1759.0 Err:73 http://deb.debian.org/debian-security bullseye-security/main amd64 libxml2-dev amd64 2.9.10+dfsg-6.7+deb11u10
#21 1759.0   404  Not Found [IP: 199.232.82.132 80]
#21 1759.0 Get:74 http://deb.debian.org/debian bullseye/main amd64 libyaml-0-2 amd64 0.2.2-1 [49.6 kB]
#21 1760.7 Get:75 http://deb.debian.org/debian bullseye/main amd64 libz3-dev amd64 4.8.10-1 [90.8 kB]
#21 1761.8 Get:76 http://deb.debian.org/debian bullseye/main amd64 llvm-16-runtime amd64 1:16.0.6-15~deb11u2 [544 kB]
#21 1770.7 Get:77 http://deb.debian.org/debian bullseye/main amd64 llvm-16 amd64 1:16.0.6-15~deb11u2 [21.0 MB]
#21 2192.0 Err:78 http://deb.debian.org/debian-security bullseye-security/main amd64 python3-pkg-resources all 52.0.0-4+deb11u2
#21 2192.0   404  Not Found [IP: 199.232.82.132 80]
#21 2192.0 Get:79 http://deb.debian.org/debian bullseye/main amd64 python3-pygments all 2.7.1+dfsg-2.1 [657 kB]
#21 2207.3 Get:80 http://deb.debian.org/debian bullseye/main amd64 python3-yaml amd64 5.3.1-5 [138 kB]
#21 2208.9 Get:81 http://deb.debian.org/debian bullseye/main amd64 llvm-16-tools amd64 1:16.0.6-15~deb11u2 [509 kB]
#21 2212.0 Get:82 http://deb.debian.org/debian bullseye/main amd64 llvm-16-dev amd64 1:16.0.6-15~deb11u2 [37.7 MB]
#21 2324.7 Fetched 133 MB in 34min 55s (63.6 kB/s)
#21 2324.7 E: Failed to fetch http://deb.debian.org/debian-security/pool/updates/main/g/glibc/libc6_2.31-13%2bdeb11u14_amd64.deb  404  Not Found [IP: 199.232.82.132 80]
#21 2324.7 E: Failed to fetch http://deb.debian.org/debian-security/pool/updates/main/o/openssl/libssl1.1_1.1.1w-0%2bdeb11u8_amd64.deb  404  Not Found [IP: 199.232.82.132 80]
#21 2324.7 E: Failed to fetch http://deb.debian.org/debian-security/pool/updates/main/p/python3.9/libpython3.9-minimal_3.9.2-1%2bdeb11u7_amd64.deb  404  Not Found [IP: 199.232.82.132 80]
#21 2324.7 E: Failed to fetch http://deb.debian.org/debian-security/pool/updates/main/p/python3.9/python3.9-minimal_3.9.2-1%2bdeb11u7_amd64.deb  404  Not Found [IP: 199.232.82.132 80]
#21 2324.7 E: Failed to fetch http://deb.debian.org/debian-security/pool/updates/main/p/python3.9/libpython3.9-stdlib_3.9.2-1%2bdeb11u7_amd64.deb  404  Not Found [IP: 199.232.82.132 80]
#21 2324.7 E: Failed to fetch http://deb.debian.org/debian-security/pool/updates/main/p/python3.9/python3.9_3.9.2-1%2bdeb11u7_amd64.deb  404  Not Found [IP: 199.232.82.132 80]
#21 2324.7 E: Failed to fetch http://deb.debian.org/debian/pool/main/b/binutils/binutils-common_2.35.2-2_amd64.deb  Connection timed out [IP: 199.232.82.132 80]
#21 2324.7 E: Failed to fetch http://deb.debian.org/debian-security/pool/updates/main/g/glibc/libc-dev-bin_2.31-13%2bdeb11u14_amd64.deb  404  Not Found [IP: 199.232.82.132 80]
#21 2324.7 E: Failed to fetch http://deb.debian.org/debian-security/pool/updates/main/l/linux/linux-libc-dev_5.10.262-1_amd64.deb  404  Not Found [IP: 199.232.82.132 80]
#21 2324.7 E: Failed to fetch http://deb.debian.org/debian-security/pool/updates/main/g/glibc/libc6-dev_2.31-13%2bdeb11u14_amd64.deb  404  Not Found [IP: 199.232.82.132 80]
#21 2324.7 E: Failed to fetch http://deb.debian.org/debian-security/pool/updates/main/d/dpkg/libdpkg-perl_1.20.14_all.deb  404  Not Found [IP: 199.232.82.132 80]
#21 2324.7 E: Failed to fetch http://deb.debian.org/debian-security/pool/updates/main/d/dpkg/dpkg-dev_1.20.14_all.deb  404  Not Found [IP: 199.232.82.132 80]
#21 2324.7 E: Failed to fetch http://deb.debian.org/debian-security/pool/updates/main/g/git/git-man_2.30.2-1%2bdeb11u5_all.deb  404  Not Found [IP: 199.232.82.132 80]
#21 2324.7 E: Failed to fetch http://deb.debian.org/debian-security/pool/updates/main/g/git/git_2.30.2-1%2bdeb11u5_amd64.deb  404  Not Found [IP: 199.232.82.132 80]
#21 2324.7 E: Failed to fetch http://deb.debian.org/debian-security/pool/updates/main/i/icu/icu-devtools_67.1-7%2bdeb11u1_amd64.deb  404  Not Found [IP: 199.232.82.132 80]
#21 2324.7 E: Failed to fetch http://deb.debian.org/debian-security/pool/updates/main/c/curl/libcurl4_7.74.0-1.3%2bdeb11u16_amd64.deb  404  Not Found [IP: 199.232.82.132 80]
#21 2324.7 E: Failed to fetch http://deb.debian.org/debian-security/pool/updates/main/i/icu/libicu-dev_67.1-7%2bdeb11u1_amd64.deb  404  Not Found [IP: 199.232.82.132 80]
#21 2324.7 E: Failed to fetch http://deb.debian.org/debian-security/pool/updates/main/o/openssl/libssl-dev_1.1.1w-0%2bdeb11u8_amd64.deb  404  Not Found [IP: 199.232.82.132 80]
#21 2324.7 E: Failed to fetch http://deb.debian.org/debian-security/pool/updates/main/libx/libxml2/libxml2_2.9.10%2bdfsg-6.7%2bdeb11u10_amd64.deb  404  Not Found [IP: 199.232.82.132 80]
#21 2324.7 E: Failed to fetch http://deb.debian.org/debian-security/pool/updates/main/libx/libxml2/libxml2-dev_2.9.10%2bdfsg-6.7%2bdeb11u10_amd64.deb  404  Not Found [IP: 199.232.82.132 80]
#21 2324.7 E: Failed to fetch http://deb.debian.org/debian-security/pool/updates/main/s/setuptools/python3-pkg-resources_52.0.0-4%2bdeb11u2_all.deb  404  Not Found [IP: 199.232.82.132 80]
#21 2324.7 E: Unable to fetch some archives, maybe run apt-get update or try with --fix-missing?
#21 ERROR: process "/bin/sh -c set -eux;     apt-get update;     apt-get install -y --no-install-recommends         build-essential git ca-certificates postgresql-server-dev-17         postgresql-17-pgtap libtap-parser-sourcehandler-pgtap-perl;     git clone --branch \"$PGVECTOR_TAG\" --depth 1 https://github.com/pgvector/pgvector.git /tmp/pgvector;     make -C /tmp/pgvector OPTFLAGS=\"\";     make -C /tmp/pgvector install;     rm -rf /tmp/pgvector;     apt-get purge -y --auto-remove build-essential git postgresql-server-dev-17;     rm -rf /var/lib/apt/lists/*" did not complete successfully: exit code: 100
------
 > [postgres stage-1 2/4] RUN set -eux;     apt-get update;     apt-get install -y --no-install-recommends         build-essential git ca-certificates postgresql-server-dev-17         postgresql-17-pgtap libtap-parser-sourcehandler-pgtap-perl;     git clone --branch "v0.8.6" --depth 1 https://github.com/pgvector/pgvector.git /tmp/pgvector;     make -C /tmp/pgvector OPTFLAGS="";     make -C /tmp/pgvector install;     rm -rf /tmp/pgvector;     apt-get purge -y --auto-remove build-essential git postgresql-server-dev-17;     rm -rf /var/lib/apt/lists/*:
2324.7 E: Failed to fetch http://deb.debian.org/debian-security/pool/updates/main/g/git/git-man_2.30.2-1%2bdeb11u5_all.deb  404  Not Found [IP: 199.232.82.132 80]
2324.7 E: Failed to fetch http://deb.debian.org/debian-security/pool/updates/main/g/git/git_2.30.2-1%2bdeb11u5_amd64.deb  404  Not Found [IP: 199.232.82.132 80]
2324.7 E: Failed to fetch http://deb.debian.org/debian-security/pool/updates/main/i/icu/icu-devtools_67.1-7%2bdeb11u1_amd64.deb  404  Not Found [IP: 199.232.82.132 80]
2324.7 E: Failed to fetch http://deb.debian.org/debian-security/pool/updates/main/c/curl/libcurl4_7.74.0-1.3%2bdeb11u16_amd64.deb  404  Not Found [IP: 199.232.82.132 80]
2324.7 E: Failed to fetch http://deb.debian.org/debian-security/pool/updates/main/i/icu/libicu-dev_67.1-7%2bdeb11u1_amd64.deb  404  Not Found [IP: 199.232.82.132 80]
2324.7 E: Failed to fetch http://deb.debian.org/debian-security/pool/updates/main/o/openssl/libssl-dev_1.1.1w-0%2bdeb11u8_amd64.deb  404  Not Found [IP: 199.232.82.132 80]
2324.7 E: Failed to fetch http://deb.debian.org/debian-security/pool/updates/main/libx/libxml2/libxml2_2.9.10%2bdfsg-6.7%2bdeb11u10_amd64.deb  404  Not Found [IP: 199.232.82.132 80]
2324.7 E: Failed to fetch http://deb.debian.org/debian-security/pool/updates/main/libx/libxml2/libxml2-dev_2.9.10%2bdfsg-6.7%2bdeb11u10_amd64.deb  404  Not Found [IP: 199.232.82.132 80]
2324.7 E: Failed to fetch http://deb.debian.org/debian-security/pool/updates/main/s/setuptools/python3-pkg-resources_52.0.0-4%2bdeb11u2_all.deb  404  Not Found [IP: 199.232.82.132 80]
2324.7 E: Unable to fetch some archives, maybe run apt-get update or try with --fix-missing?
------
Dockerfile:7
System.Management.Automation.RemoteException
--------------------
System.Management.Automation.RemoteException
   6 |     ARG PGVECTOR_TAG=v0.8.6
System.Management.Automation.RemoteException
   7 | >>> RUN set -eux; \
System.Management.Automation.RemoteException
   8 | >>>     apt-get update; \
System.Management.Automation.RemoteException
   9 | >>>     apt-get install -y --no-install-recommends \
System.Management.Automation.RemoteException
  10 | >>>         build-essential git ca-certificates postgresql-server-dev-17 \
System.Management.Automation.RemoteException
  11 | >>>         postgresql-17-pgtap libtap-parser-sourcehandler-pgtap-perl; \
System.Management.Automation.RemoteException
  12 | >>>     git clone --branch "$PGVECTOR_TAG" --depth 1 https://github.com/pgvector/pgvector.git /tmp/pgvector; \
System.Management.Automation.RemoteException
  13 | >>>     make -C /tmp/pgvector OPTFLAGS=""; \
System.Management.Automation.RemoteException
  14 | >>>     make -C /tmp/pgvector install; \
System.Management.Automation.RemoteException
  15 | >>>     rm -rf /tmp/pgvector; \
System.Management.Automation.RemoteException
  16 | >>>     apt-get purge -y --auto-remove build-essential git postgresql-server-dev-17; \
System.Management.Automation.RemoteException
  17 | >>>     rm -rf /var/lib/apt/lists/*
System.Management.Automation.RemoteException
  18 |     # dbmate is a static Linux binary (upstream Makefile links with -static).
System.Management.Automation.RemoteException
--------------------
System.Management.Automation.RemoteException
target postgres: failed to solve: process "/bin/sh -c set -eux;     apt-get update;     apt-get install -y --no-install-recommends         build-essential git ca-certificates postgresql-server-dev-17         postgresql-17-pgtap libtap-parser-sourcehandler-pgtap-perl;     git clone --branch \"$PGVECTOR_TAG\" --depth 1 https://github.com/pgvector/pgvector.git /tmp/pgvector;     make -C /tmp/pgvector OPTFLAGS=\"\";     make -C /tmp/pgvector install;     rm -rf /tmp/pgvector;     apt-get purge -y --auto-remove build-essential git postgresql-server-dev-17;     rm -rf /var/lib/apt/lists/*" did not complete successfully: exit code: 100
System.Management.Automation.RemoteException
System.Management.Automation.RemoteException
System.Management.Automation.RemoteException
View build details: docker-desktop://dashboard/build/default/default/c5v0owo2wff5ftyt0d51ydift
System.Management.Automation.RemoteException
exit=1 seconds=2625.6
